timestamp,open,high,low,close,volume,vwap_raw,n
2021-01-04 05:00:00+00:00,315.13,315.29,305.27,309.35,370969,309.286491,3229
2021-01-05 05:00:00+00:00,308.41,312.0,308.41,311.78,219913,310.968899,2199
2021-01-06 05:00:00+00:00,306.83,311.87,306.05,307.55,483281,309.124325,3825
2021-01-07 05:00:00+00:00,310.4,315.83,310.31,315.125,275396,314.106308,2347
2021-01-08 05:00:00+00:00,317.42,319.39,315.13,319.13,285541,317.647035,2430
2021-01-11 05:00:00+00:00,315.77,317.09,313.83,314.23,244505,315.301813,3007
2021-01-12 05:00:00+00:00,314.525,315.56,311.23,314.12,436506,313.810139,3149
2021-01-13 05:00:00+00:00,314.27,316.85,313.63,315.99,214029,315.67258,2360
2021-01-14 05:00:00+00:00,316.58,317.45,313.885,314.365,214139,315.309978,1929
2021-01-15 05:00:00+00:00,314.12,315.12,310.59,311.88,240137,312.782351,1896
2021-01-19 05:00:00+00:00,314.295,316.91,313.22,316.43,271858,315.818904,2599
2021-01-20 05:00:00+00:00,320.11,324.705,319.785,323.75,431709,322.775904,3052
2021-01-21 05:00:00+00:00,325.13,327.12,323.74,326.36,219762,325.5918,2014
2021-01-22 05:00:00+00:00,325.3,326.44,324.805,325.44,169713,325.815884,1462
2021-01-25 05:00:00+00:00,329.0,330.27,321.41,328.41,251142,326.720141,2108
2021-01-26 05:00:00+00:00,328.92,329.72,327.45,328.55,243490,328.755804,3209
2021-01-27 05:00:00+00:00,326.22,326.26,317.405,319.37,765439,321.963934,5949
2021-01-28 05:00:00+00:00,320.62,326.37,320.05,321.3,465802,323.358861,3215
2021-01-29 05:00:00+00:00,319.54,320.7,312.78,314.52,507075,316.619368,3500
2021-02-01 05:00:00+00:00,318.22,323.51,316.2,322.58,342754,320.632575,2603
2021-02-02 05:00:00+00:00,325.46,328.82,325.31,327.73,277333,327.307611,2014
2021-02-03 05:00:00+00:00,329.97,330.19,326.35,326.35,396388,328.080086,3182
2021-02-04 05:00:00+00:00,327.985,330.21,326.48,330.2,173325,328.468188,1707
2021-02-05 05:00:00+00:00,331.28,332.385,329.575,331.48,172874,330.980532,1631
2021-02-08 05:00:00+00:00,333.11,333.63,331.445,333.585,202811,332.748629,2397
2021-02-09 05:00:00+00:00,332.715,334.79,332.715,333.46,167428,333.760895,1726
2021-02-10 05:00:00+00:00,334.99,335.4,329.58,332.74,385921,332.361152,4066
2021-02-11 05:00:00+00:00,334.46,334.92,332.13,334.68,191603,334.053136,2097
2021-02-12 05:00:00+00:00,333.745,336.62,332.7,336.4,205288,335.323963,1750
2021-02-16 05:00:00+00:00,337.345,338.19,334.36,335.46,246909,336.184505,2403
2021-02-17 05:00:00+00:00,332.37,334.18,330.17,333.95,241842,332.505783,2319
2021-02-18 05:00:00+00:00,330.12,333.16,328.36,332.39,384713,330.650613,3297
2021-02-19 05:00:00+00:00,333.92,333.92,329.98,330.97,254605,331.795902,3181
2021-02-22 05:00:00+00:00,326.36,327.72,322.245,322.245,394484,324.431568,3468
2021-02-23 05:00:00+00:00,316.96,323.195,311.06,321.45,1213319,316.987951,9935
2021-02-24 05:00:00+00:00,318.64,324.45,316.0,324.05,406663,320.953381,3870
2021-02-25 05:00:00+00:00,321.49,324.0,311.28,312.77,874312,316.107829,7248
2021-02-26 05:00:00+00:00,315.86,319.07,310.99,314.84,666355,315.55158,5490
2021-03-01 05:00:00+00:00,319.45,323.93,317.97,323.65,453714,321.456089,3576
2021-03-02 05:00:00+00:00,324.25,324.25,318.295,318.3,355583,320.76012,2582
2021-03-03 05:00:00+00:00,317.09,318.21,309.11,309.19,981248,312.229335,8477
2021-03-04 05:00:00+00:00,308.82,312.03,300.13,303.83,1699100,306.06157,11204
2021-03-05 05:00:00+00:00,307.03,309.57,297.67,308.78,1069452,303.86043,8366
2021-03-08 05:00:00+00:00,308.095,310.04,299.64,299.73,696738,304.621427,5760
2021-03-09 05:00:00+00:00,307.58,313.7,307.05,311.56,651248,311.231495,5244
2021-03-10 05:00:00+00:00,316.11,316.4,310.295,310.8,610806,312.675258,4672
2021-03-11 05:00:00+00:00,315.995,319.83,314.86,318.165,450186,318.057442,3449
2021-03-12 05:00:00+00:00,313.76,315.6,311.41,315.34,375824,313.925871,3983
2021-03-15 04:00:00+00:00,315.67,318.995,314.2,318.79,335667,316.776541,3593
2021-03-16 04:00:00+00:00,321.19,324.195,319.14,320.65,536693,322.168113,4035
2021-03-17 04:00:00+00:00,317.48,323.85,315.68,321.77,1040437,319.663672,7434
2021-03-18 04:00:00+00:00,316.88,317.77,311.59,311.9,975454,314.361736,5624
2021-03-19 04:00:00+00:00,311.74,314.73,309.76,313.71,710387,312.906201,6287
2021-03-22 04:00:00+00:00,315.27,320.73,315.25,318.67,488504,318.39976,3661
2021-03-23 04:00:00+00:00,319.56,321.085,316.41,317.025,532868,318.992934,4987
2021-03-24 04:00:00+00:00,318.54,318.59,311.78,311.78,386448,314.820585,3247
2021-03-25 04:00:00+00:00,310.0,312.87,307.455,311.22,892146,310.51123,6452
2021-03-26 04:00:00+00:00,311.01,316.3,309.72,316.2,388826,312.517528,2977
2021-03-29 04:00:00+00:00,315.53,316.92,312.595,315.48,414478,314.846395,4673
2021-03-30 04:00:00+00:00,313.87,314.89,311.58,314.0,303740,313.470604,3005
2021-03-31 04:00:00+00:00,316.18,320.71,315.83,318.99,467794,319.337746,4258
2021-04-01 04:00:00+00:00,322.94,324.665,322.85,324.63,533051,323.970229,5552
2021-04-05 04:00:00+00:00,327.31,331.83,326.985,331.18,268427,330.374126,2636
2021-04-06 04:00:00+00:00,330.54,332.82,330.025,330.83,220748,331.143815,2231
2021-04-07 04:00:00+00:00,330.29,332.47,329.4,331.63,419985,331.532182,2269
2021-04-08 04:00:00+00:00,334.64,335.215,333.76,335.18,245541,334.624518,2273
2021-04-09 04:00:00+00:00,333.68,337.28,333.06,337.04,327493,335.231114,3319
2021-04-12 04:00:00+00:00,336.02,337.04,334.8,336.63,200587,336.113675,2192
2021-04-13 04:00:00+00:00,338.265,341.04,338.06,340.58,189774,339.803208,1662
2021-04-14 04:00:00+00:00,340.88,340.88,335.69,336.32,351514,337.588414,2688
2021-04-15 04:00:00+00:00,339.58,342.005,339.39,341.59,209122,340.987928,2031
2021-04-16 04:00:00+00:00,342.05,342.19,340.12,341.94,194852,341.52075,1957
2021-04-19 04:00:00+00:00,340.28,341.54,336.99,338.72,201066,338.654065,2604
2021-04-20 04:00:00+00:00,338.25,339.475,334.41,336.29,282004,336.266669,3136
2021-04-21 04:00:00+00:00,335.05,339.45,334.07,339.315,206762,337.527258,2220
2021-04-22 04:00:00+00:00,338.73,339.85,334.1,335.24,314768,336.686466,2545
2021-04-23 04:00:00+00:00,335.97,340.76,335.87,339.41,325501,339.174031,3305
2021-04-26 04:00:00+00:00,339.87,341.91,338.91,341.605,177579,340.901192,1682
2021-04-27 04:00:00+00:00,341.96,342.135,339.25,339.96,211334,340.334888,2140
2021-04-28 04:00:00+00:00,339.8,340.76,338.42,338.7,290363,339.389167,2575
2021-04-29 04:00:00+00:00,342.53,342.78,336.97,340.15,238183,339.801868,2123
2021-04-30 04:00:00+00:00,337.66,340.24,337.085,337.84,194157,338.258296,1920
2021-05-03 04:00:00+00:00,339.22,339.96,335.765,336.035,168764,337.193764,2006
2021-05-04 04:00:00+00:00,333.62,333.87,326.26,330.06,557734,329.371372,5083
2021-05-05 04:00:00+00:00,332.25,333.01,328.34,328.93,230878,330.653886,2221
2021-05-06 04:00:00+00:00,328.76,331.63,326.5,331.4,308008,329.203325,2903
2021-05-07 04:00:00+00:00,334.43,336.6,333.08,334.13,437547,334.854235,3425
2021-05-10 04:00:00+00:00,332.91,332.91,325.57,325.6,471805,327.946453,3991
2021-05-11 04:00:00+00:00,319.37,326.065,319.045,325.41,724255,323.290605,5648
2021-05-12 04:00:00+00:00,320.05,322.55,316.035,316.91,724643,318.365033,6450
2021-05-13 04:00:00+00:00,319.91,322.37,316.94,319.36,510424,319.969245,4972
2021-05-14 04:00:00+00:00,322.71,327.3,322.11,326.38,413887,325.360929,3339
2021-05-17 04:00:00+00:00,324.73,325.26,321.495,324.405,248815,323.618634,2481
2021-05-18 04:00:00+00:00,325.44,326.6,321.95,321.95,385513,324.435442,3879
2021-05-19 04:00:00+00:00,316.67,322.88,316.315,322.69,428467,320.138082,3544
2021-05-20 04:00:00+00:00,324.15,329.695,323.91,328.88,395880,327.757989,3627
2021-05-21 04:00:00+00:00,330.62,330.84,326.655,326.94,451155,327.906517,4377
2021-05-24 04:00:00+00:00,329.13,333.63,329.07,332.53,344871,332.525539,3215
2021-05-25 04:00:00+00:00,334.1,334.79,331.79,332.99,176602,332.873316,2102
2021-05-26 04:00:00+00:00,333.7,334.56,333.0,334.08,206534,333.94603,2149
2021-05-27 04:00:00+00:00,333.74,334.52,332.7,333.115,195717,333.591855,2319
2021-05-28 04:00:00+00:00,334.22,335.55,333.615,333.65,307986,334.637022,2618
2021-06-01 04:00:00+00:00,335.35,335.75,331.44,332.78,185865,333.301896,1974
2021-06-02 04:00:00+00:00,333.18,334.33,331.73,333.42,211879,333.150477,2864
2021-06-03 04:00:00+00:00,330.56,331.79,328.34,329.905,209600,330.247424,1966
2021-06-04 04:00:00+00:00,332.09,336.045,331.81,335.68,278759,335.058826,2989
2021-06-07 04:00:00+00:00,335.05,336.66,334.39,336.55,292961,335.410566,2472
2021-06-08 04:00:00+00:00,338.39,339.235,335.03,336.79,174829,336.962284,1854
2021-06-09 04:00:00+00:00,338.23,338.92,336.675,336.72,178856,337.583571,1838
2021-06-10 04:00:00+00:00,337.1,340.44,336.765,340.32,219525,339.594923,2148
2021-06-11 04:00:00+00:00,340.4,341.235,339.72,341.235,116515,340.540842,1603
2021-06-14 04:00:00+00:00,341.61,344.375,340.58,344.375,230272,342.660117,2968
2021-06-15 04:00:00+00:00,344.19,344.44,341.55,341.87,270069,342.950492,2562
2021-06-16 04:00:00+00:00,342.76,343.82,337.46,340.82,342437,340.742125,3357
2021-06-17 04:00:00+00:00,339.96,346.32,339.96,345.345,536372,344.435648,4642
2021-06-18 04:00:00+00:00,343.75,344.74,341.885,342.46,368736,343.463037,3383
2021-06-21 04:00:00+00:00,342.47,344.68,340.16,344.36,197165,343.206117,2216
2021-06-22 04:00:00+00:00,344.34,348.02,343.9,347.54,190355,346.45636,1791
2021-06-23 04:00:00+00:00,347.71,348.86,346.89,347.63,160038,347.9241,1952
2021-06-24 04:00:00+00:00,349.74,351.46,349.28,349.83,179192,350.252267,1875
2021-06-25 04:00:00+00:00,350.58,350.62,348.89,349.435,196046,349.54125,2514
2021-06-28 04:00:00+00:00,350.81,353.825,350.78,353.65,249041,352.854651,2729
2021-06-29 04:00:00+00:00,353.53,355.0,352.73,354.925,174578,354.225329,1891
2021-06-30 04:00:00+00:00,354.68,355.15,353.88,354.47,202883,354.588461,2525
2021-07-01 04:00:00+00:00,354.06,355.06,352.71,354.67,153980,354.186324,1658
2021-07-02 04:00:00+00:00,356.56,358.95,356.29,358.63,247064,357.883926,3034
2021-07-06 04:00:00+00:00,359.33,360.41,356.5,360.165,183256,359.318033,3075
2021-07-07 04:00:00+00:00,362.57,362.73,358.985,360.86,210428,360.876528,2220
2021-07-08 04:00:00+00:00,355.185,359.61,354.49,358.41,178941,357.146999,2122
2021-07-09 04:00:00+00:00,358.24,361.49,357.71,361.04,208717,360.33063,2268
2021-07-12 04:00:00+00:00,362.475,362.86,360.87,362.31,144548,361.827921,1559
2021-07-13 04:00:00+00:00,361.99,365.44,361.56,362.305,276591,363.283504,3445
2021-07-14 04:00:00+00:00,364.82,365.34,362.27,362.83,224966,363.897592,2309
2021-07-15 04:00:00+00:00,362.96,363.11,358.5,360.44,394406,360.193015,4524
2021-07-16 04:00:00+00:00,361.49,362.38,357.25,357.52,453112,359.548509,4371
2021-07-19 04:00:00+00:00,353.95,355.15,352.08,354.57,631753,353.68357,4449
2021-07-20 04:00:00+00:00,355.69,360.27,353.945,358.85,362672,357.689393,3084
2021-07-21 04:00:00+00:00,358.39,361.48,358.2,361.45,281188,360.333224,2820
2021-07-22 04:00:00+00:00,361.82,363.94,361.81,363.94,220902,363.276585,2758
2021-07-23 04:00:00+00:00,365.44,368.47,364.08,368.12,187417,367.170695,2220
2021-07-26 04:00:00+00:00,367.47,368.86,366.61,368.44,219046,368.173001,3448
2021-07-27 04:00:00+00:00,368.14,368.17,360.19,364.39,634929,362.871446,5254
2021-07-28 04:00:00+00:00,365.59,367.14,363.33,365.825,245148,365.667154,2632
2021-07-29 04:00:00+00:00,365.41,367.65,365.38,366.575,131178,366.893732,1941
2021-07-30 04:00:00+00:00,362.47,365.13,362.42,364.49,224874,364.084928,2668
2021-08-02 04:00:00+00:00,366.34,366.78,364.01,364.515,165600,365.246473,1665
2021-08-03 04:00:00+00:00,365.38,366.9,362.03,366.88,216792,365.308861,2390
2021-08-04 04:00:00+00:00,366.77,368.32,365.69,367.38,164106,367.224977,1648
2021-08-05 04:00:00+00:00,368.205,369.87,367.53,369.81,171904,369.32296,1957
2021-08-06 04:00:00+00:00,368.45,369.36,367.01,368.02,184270,368.218193,1507
2021-08-09 04:00:00+00:00,368.66,369.255,367.43,368.765,153745,368.705842,1422
2021-08-10 04:00:00+00:00,369.29,369.53,365.64,366.83,314746,366.883803,2690
2021-08-11 04:00:00+00:00,368.07,368.56,364.85,366.15,243526,366.196354,2468
2021-08-12 04:00:00+00:00,365.69,367.87,364.35,367.655,254937,366.553269,2468
2021-08-13 04:00:00+00:00,367.95,369.15,367.4,368.82,169632,368.343146,2849
2021-08-16 04:00:00+00:00,367.69,369.0,363.85,368.995,188933,366.988591,1709
2021-08-17 04:00:00+00:00,366.17,367.13,363.33,365.69,356485,365.321273,2878
2021-08-18 04:00:00+00:00,365.0,366.56,361.89,362.25,238228,364.111709,1850
2021-08-19 04:00:00+00:00,360.01,365.66,359.97,363.74,251371,363.189356,2069
2021-08-20 04:00:00+00:00,365.14,368.135,364.87,367.76,208744,367.046157,2224
2021-08-23 04:00:00+00:00,368.79,373.87,368.79,373.24,221774,372.882763,2185
2021-08-24 04:00:00+00:00,373.93,374.98,373.39,374.375,189079,374.244194,1812
2021-08-25 04:00:00+00:00,374.61,375.33,373.86,374.625,117265,374.647704,1094
2021-08-26 04:00:00+00:00,374.03,374.47,372.02,372.41,124753,373.129833,2096
2021-08-27 04:00:00+00:00,372.97,376.515,372.59,376.1,230749,375.56695,2117
2021-08-30 04:00:00+00:00,376.89,380.74,376.85,380.305,168881,379.582275,2162
2021-08-31 04:00:00+00:00,380.5,380.5,378.51,379.82,162554,379.630545,2165
2021-09-01 04:00:00+00:00,381.05,382.68,380.375,380.59,158730,381.750785,1819
2021-09-02 04:00:00+00:00,382.21,382.28,379.165,380.45,289499,380.249458,2178
2021-09-03 04:00:00+00:00,379.76,381.9,379.36,381.62,177794,381.233339,1662
2021-09-07 04:00:00+00:00,381.66,382.755,380.545,382.15,332880,382.013217,2874
2021-09-08 04:00:00+00:00,381.755,381.78,378.475,380.775,344510,380.291206,2696
2021-09-09 04:00:00+00:00,380.96,382.105,379.235,379.32,236144,380.403379,2137
2021-09-10 04:00:00+00:00,381.3,381.96,376.26,376.55,634005,379.321655,3412
2021-09-13 04:00:00+00:00,379.06,379.43,374.24,376.31,564310,375.740886,3843
2021-09-14 04:00:00+00:00,377.87,378.6,374.3,375.12,371789,375.843395,2855
2021-09-15 04:00:00+00:00,375.75,378.35,373.4,378.045,323699,376.095157,2476
2021-09-16 04:00:00+00:00,376.88,378.895,374.72,378.35,385398,376.851278,3164
2021-09-17 04:00:00+00:00,377.53,377.53,372.76,373.875,650606,374.162756,5164
2021-09-20 04:00:00+00:00,367.29,369.18,360.97,365.79,675231,364.632574,4659
2021-09-21 04:00:00+00:00,367.58,368.76,364.99,366.035,384407,366.945561,2894
2021-09-22 04:00:00+00:00,367.25,370.95,366.05,369.615,354206,369.100508,2910
2021-09-23 04:00:00+00:00,370.775,374.025,370.18,372.9,389321,373.099709,3149
2021-09-24 04:00:00+00:00,370.61,373.73,370.28,373.41,470247,372.375768,4049
2021-09-27 04:00:00+00:00,370.2,371.25,367.78,370.4,451347,369.952147,3726
2021-09-28 04:00:00+00:00,365.64,366.29,359.38,359.895,1112656,361.350153,7115
2021-09-29 04:00:00+00:00,361.09,363.36,358.67,359.285,674638,361.01748,4166
2021-09-30 04:00:00+00:00,360.955,362.635,357.93,358.06,419239,360.17786,3726
2021-10-01 04:00:00+00:00,358.52,361.25,354.38,359.9,681206,358.267005,5864
2021-10-04 04:00:00+00:00,358.47,358.775,350.37,352.675,763512,353.243318,4697
2021-10-05 04:00:00+00:00,353.74,359.69,353.5,357.245,623429,357.658085,4701
2021-10-06 04:00:00+00:00,354.09,359.94,353.16,359.86,718713,356.685322,4952
2021-10-07 04:00:00+00:00,362.84,365.68,362.3,362.82,595926,364.021544,3425
2021-10-08 04:00:00+00:00,364.07,364.23,360.61,360.96,638046,361.812103,4209
2021-10-11 04:00:00+00:00,359.6,363.135,358.465,358.475,348826,361.089754,2124
2021-10-12 04:00:00+00:00,359.81,360.28,356.52,357.1,469333,357.961668,2541
2021-10-13 04:00:00+00:00,359.52,360.6,357.47,359.95,435097,359.269782,3336
2021-10-14 04:00:00+00:00,363.68,366.835,363.035,366.58,582504,365.70181,3606
2021-10-15 04:00:00+00:00,368.06,369.055,366.96,368.91,383363,367.955104,2877
2021-10-18 04:00:00+00:00,367.64,372.845,367.1,372.795,388210,370.866256,2765
2021-10-19 04:00:00+00:00,373.85,375.52,373.09,375.4,266968,374.765774,2436
2021-10-20 04:00:00+00:00,375.935,376.52,373.485,374.85,299217,375.058844,2419
2021-10-21 04:00:00+00:00,374.24,377.46,373.89,377.2,263689,376.261431,2284
2021-10-22 04:00:00+00:00,375.925,376.91,372.4,373.945,332991,374.75081,2516
2021-10-25 04:00:00+00:00,375.63,378.86,373.595,377.97,435003,377.152451,3818
2021-10-26 04:00:00+00:00,380.24,382.69,377.92,378.85,509398,380.083219,3707
2021-10-27 04:00:00+00:00,379.56,383.12,379.385,380.005,454892,381.442308,3950
2021-10-28 04:00:00+00:00,381.99,384.46,381.27,384.46,652400,383.015441,3081
2021-10-29 04:00:00+00:00,380.92,386.255,380.8,386.01,527134,383.254541,2842
2021-11-01 04:00:00+00:00,386.55,387.54,384.58,387.485,361879,386.136201,3242
2021-11-02 04:00:00+00:00,386.77,389.53,386.76,389.175,188221,388.622248,2183
2021-11-03 04:00:00+00:00,389.62,393.59,388.54,393.22,280303,391.007437,2689
2021-11-04 04:00:00+00:00,394.45,399.19,393.94,398.24,519314,397.376756,3865
2021-11-05 04:00:00+00:00,400.13,400.95,397.18,398.41,343223,399.267298,3339
2021-11-08 05:00:00+00:00,398.69,399.57,397.405,398.07,217509,398.320394,1940
2021-11-09 05:00:00+00:00,399.23,399.465,393.945,395.21,192122,395.845016,1790
2021-11-10 05:00:00+00:00,392.35,395.35,387.64,389.55,543640,391.067787,3973
2021-11-11 05:00:00+00:00,392.66,392.66,390.28,390.64,420539,391.187257,3257
2021-11-12 05:00:00+00:00,391.72,395.23,390.27,394.74,375518,393.573701,2837
2021-11-15 05:00:00+00:00,395.82,396.21,392.11,394.61,310005,393.929237,3270
2021-11-16 05:00:00+00:00,393.93,397.9,393.77,397.455,285291,397.075879,1981
2021-11-17 05:00:00+00:00,397.8,399.69,396.67,397.67,270434,397.941734,2167
2021-11-18 05:00:00+00:00,399.79,402.24,397.52,401.775,322884,400.381804,2843
2021-11-19 05:00:00+00:00,403.43,405.27,402.62,403.95,378928,404.04763,3096
2021-11-22 05:00:00+00:00,405.68,408.64,399.2,399.3,748432,404.076871,5444
2021-11-23 05:00:00+00:00,398.11,400.15,393.04,397.66,447157,396.111308,4558
2021-11-24 05:00:00+00:00,394.94,399.0,392.62,398.99,332731,396.41047,2921
2021-11-26 05:00:00+00:00,396.02,397.51,389.79,390.96,353121,393.438467,3488
2021-11-29 05:00:00+00:00,395.99,400.64,395.19,399.385,693741,398.137856,7381
2021-11-30 05:00:00+00:00,398.7,401.12,391.78,393.78,853878,395.249839,7221
2021-12-01 05:00:00+00:00,398.28,400.46,386.78,386.78,804994,395.140526,8442
2021-12-02 05:00:00+00:00,385.49,391.615,384.46,389.94,790378,388.650958,8141
2021-12-03 05:00:00+00:00,391.36,392.31,378.905,383.275,939444,383.230013,8501
2021-12-06 05:00:00+00:00,383.59,387.59,379.41,386.32,820309,383.504166,7650
2021-12-07 05:00:00+00:00,393.23,398.43,393.11,397.73,578131,396.459419,6066
2021-12-08 05:00:00+00:00,398.15,399.8,396.28,399.715,412581,398.226675,4296
2021-12-09 05:00:00+00:00,398.41,400.19,393.555,393.82,680375,396.663823,4627
2021-12-10 05:00:00+00:00,396.67,398.27,393.42,398.22,759549,396.001352,5541
2021-12-13 05:00:00+00:00,398.05,398.29,392.07,392.07,584154,395.09682,5204
2021-12-14 05:00:00+00:00,387.24,390.0,383.83,388.34,830145,386.684027,6833
2021-12-15 05:00:00+00:00,387.88,397.39,383.9,397.05,805726,389.526394,6958
2021-12-16 05:00:00+00:00,398.12,398.36,385.245,386.99,1054021,389.382211,9172
2021-12-17 05:00:00+00:00,383.17,389.13,381.81,384.9,725684,385.063466,6590
2021-12-20 05:00:00+00:00,379.39,381.49,377.5,380.665,572875,379.681117,5043
2021-12-21 05:00:00+00:00,384.3,389.525,380.28,389.255,585470,385.857221,5644
2021-12-22 05:00:00+00:00,388.75,394.12,388.3,393.87,538010,391.95058,4756
2021-12-23 05:00:00+00:00,394.4,398.4,394.17,396.945,501386,396.829524,4505
2021-12-27 05:00:00+00:00,398.29,403.46,398.26,403.45,408340,402.147916,5061
2021-12-28 05:00:00+00:00,404.51,404.57,400.74,401.73,452654,402.346365,4163
2021-12-29 05:00:00+00:00,401.85,402.97,399.175,401.64,487753,400.748345,3580
2021-12-30 05:00:00+00:00,401.34,403.55,399.755,400.27,231757,401.709009,2361
2021-12-31 05:00:00+00:00,399.77,400.95,397.39,397.53,255515,398.622826,3626
2022-01-03 05:00:00+00:00,399.03,401.9,396.93,401.67,396970,399.907506,4256
2022-01-04 05:00:00+00:00,402.1,402.23,393.3,396.67,683886,396.116047,6140
2022-01-05 05:00:00+00:00,394.955,395.7,384.065,384.235,797724,389.465301,6021
2022-01-06 05:00:00+00:00,382.38,387.25,380.22,384.06,783032,384.223887,6802
2022-01-07 05:00:00+00:00,383.99,385.73,378.06,379.77,664732,381.014184,5207
2022-01-10 05:00:00+00:00,374.76,380.615,369.38,380.33,1401790,374.226324,10490
2022-01-11 05:00:00+00:00,379.38,385.95,377.32,385.92,682600,383.111469,5314
2022-01-12 05:00:00+00:00,388.475,390.13,385.05,387.045,566908,387.553049,5563
2022-01-13 05:00:00+00:00,389.06,389.41,376.72,377.88,951677,382.273159,7970
2022-01-14 05:00:00+00:00,374.9,380.33,374.9,380.01,850116,378.138224,8030
2022-01-18 05:00:00+00:00,374.04,376.16,369.79,370.78,1102398,372.665127,7617
2022-01-19 05:00:00+00:00,372.05,374.56,366.24,366.475,723539,370.053738,7210
2022-01-20 05:00:00+00:00,369.67,373.855,361.21,361.56,1022584,368.377486,8957
2022-01-21 05:00:00+00:00,359.49,362.18,351.54,351.54,1824456,356.649074,15036
2022-01-24 05:00:00+00:00,345.5,353.96,334.18,353.62,1269492,344.121058,11299
2022-01-25 05:00:00+00:00,346.69,351.01,341.68,344.99,1200540,345.537087,11143
2022-01-26 05:00:00+00:00,353.06,356.81,340.94,344.77,1558022,349.21907,13635
2022-01-27 05:00:00+00:00,349.42,351.245,340.09,340.91,922266,345.037541,9253
2022-01-28 05:00:00+00:00,343.05,352.0,337.99,351.87,1249780,345.435319,10712
2022-01-31 05:00:00+00:00,353.18,363.63,351.6,363.16,696366,358.623836,6818
2022-02-01 05:00:00+00:00,364.54,366.155,359.2,365.58,733197,362.687684,6594
2022-02-02 05:00:00+00:00,369.77,370.09,364.29,368.48,589201,367.642227,5518
2022-02-03 05:00:00+00:00,358.53,361.87,352.48,353.66,1016068,356.994423,9605
2022-02-04 05:00:00+00:00,354.43,361.295,352.01,357.825,527600,356.482154,5509
2022-02-07 05:00:00+00:00,358.77,360.9,353.88,355.22,307900,357.185191,3874
2022-02-08 05:00:00+00:00,354.06,360.22,352.82,359.21,259168,357.243394,2394
2022-02-09 05:00:00+00:00,363.735,366.76,362.2,366.65,423141,365.180979,4649
2022-02-10 05:00:00+00:00,359.55,366.47,356.625,358.445,1019044,361.139429,8444
2022-02-11 05:00:00+00:00,358.58,360.04,345.82,347.205,1044644,352.037331,8225
2022-02-14 05:00:00+00:00,346.6,350.925,343.97,347.56,838339,347.424398,8311
2022-02-15 05:00:00+00:00,352.94,356.36,351.94,356.23,522367,354.166124,5009
2022-02-16 05:00:00+00:00,353.78,356.99,350.75,356.03,405138,353.725254,5032
2022-02-17 05:00:00+00:00,352.72,353.22,345.06,345.6,405190,348.289849,3654
2022-02-18 05:00:00+00:00,346.47,346.8,339.22,341.47,708878,342.607205,5779
2022-02-22 05:00:00+00:00,338.54,344.03,334.5,338.09,610213,339.10538,5354
2022-02-23 05:00:00+00:00,341.28,342.0,329.12,329.41,877585,334.114735,7326
2022-02-24 05:00:00+00:00,318.67,341.0,318.635,340.65,1924611,330.210646,14653
2022-02-25 05:00:00+00:00,341.22,345.95,337.63,345.92,931004,342.72616,8394
2022-02-28 05:00:00+00:00,342.53,348.49,341.44,347.0,852617,344.670817,7832
2022-03-01 05:00:00+00:00,345.75,348.02,339.02,341.53,736592,343.47165,7786
2022-03-02 05:00:00+00:00,343.21,348.49,340.3,347.1,888379,345.267828,7495
2022-03-03 05:00:00+00:00,349.82,349.86,340.45,342.12,1030510,344.182988,7675
2022-03-04 05:00:00+00:00,340.16,341.28,334.95,337.33,968295,337.201489,7852
2022-03-07 05:00:00+00:00,337.31,338.44,324.67,325.01,950004,330.147768,9680
2022-03-08 05:00:00+00:00,324.08,333.19,319.97,323.28,1621033,325.267424,12517
2022-03-09 05:00:00+00:00,331.76,336.38,329.14,335.02,740682,333.290174,6346
2022-03-10 05:00:00+00:00,330.72,332.41,326.73,331.41,760950,329.825528,7673
2022-03-11 05:00:00+00:00,334.37,334.56,323.96,324.01,756487,328.500425,6004
2022-03-14 04:00:00+00:00,323.24,326.54,317.5,318.18,1109683,320.684355,9205
2022-03-15 04:00:00+00:00,320.97,328.92,319.26,328.11,1162437,324.500071,10568
2022-03-16 04:00:00+00:00,332.3,340.43,328.41,340.43,1554153,335.089849,12089
2022-03-17 04:00:00+00:00,338.4,344.48,337.14,344.48,751888,341.013891,7437
2022-03-18 04:00:00+00:00,342.75,351.79,341.56,351.46,1112142,348.241272,10058
2022-03-21 04:00:00+00:00,350.22,352.45,345.6,350.13,884189,348.971413,8207
2022-03-22 04:00:00+00:00,350.815,357.84,350.22,356.89,780283,355.779132,8272
2022-03-23 04:00:00+00:00,354.03,357.63,351.78,351.79,665341,353.923529,7695
2022-03-24 04:00:00+00:00,353.76,359.67,351.615,359.59,575696,355.890579,5538
2022-03-25 04:00:00+00:00,359.61,360.62,354.95,359.28,863263,357.968684,8343
2022-03-28 04:00:00+00:00,359.34,365.0,358.09,365.0,568462,361.635843,6011
2022-03-29 04:00:00+00:00,368.89,371.815,366.275,371.18,1308329,369.527795,11773
2022-03-30 04:00:00+00:00,369.535,370.93,365.58,367.1,1230365,368.395675,9225
2022-03-31 04:00:00+00:00,367.31,367.59,361.71,362.02,742835,365.138468,7177
2022-04-01 04:00:00+00:00,362.83,363.575,358.61,361.83,619525,360.902466,6147
2022-04-04 04:00:00+00:00,362.74,369.3,362.45,369.28,767466,367.36605,6870
2022-04-05 04:00:00+00:00,367.82,368.46,359.96,361.26,910181,362.821691,7567
2022-04-06 04:00:00+00:00,355.67,356.72,350.56,353.18,1095424,353.395747,9067
2022-04-07 04:00:00+00:00,352.28,356.325,348.71,354.12,860664,352.830037,8747
2022-04-08 04:00:00+00:00,352.21,353.02,348.54,349.1,896972,350.397147,8648
2022-04-11 04:00:00+00:00,344.78,345.65,340.56,340.97,810032,342.811291,9035
2022-04-12 04:00:00+00:00,345.78,347.69,338.1,339.52,936417,342.737058,9303
2022-04-13 04:00:00+00:00,339.74,347.405,339.16,346.3,867508,344.611813,7435
2022-04-14 04:00:00+00:00,346.46,346.91,338.21,338.44,739290,341.218538,6346
2022-04-18 04:00:00+00:00,337.35,341.03,335.87,338.9,601904,338.552982,5710
2022-04-19 04:00:00+00:00,338.0,346.83,337.02,346.12,840350,344.176365,6317
2022-04-20 04:00:00+00:00,347.25,347.55,340.01,341.025,683440,342.666546,5256
2022-04-21 04:00:00+00:00,345.2,347.84,333.29,334.37,860864,339.029732,7774
2022-04-22 04:00:00+00:00,334.23,335.51,324.985,325.37,1023686,329.268982,7719
2022-04-25 04:00:00+00:00,323.71,329.855,322.49,329.58,929882,325.6451,9018
2022-04-26 04:00:00+00:00,327.49,327.6,316.86,316.86,1032048,320.308694,9027
2022-04-27 04:00:00+00:00,317.23,322.87,315.01,316.74,1166610,318.992252,9521
2022-04-28 04:00:00+00:00,322.0,329.88,317.6,327.99,1133746,324.586868,9732
2022-04-29 04:00:00+00:00,323.67,327.21,312.64,313.43,1020759,318.368114,9167
2022-05-02 04:00:00+00:00,312.9,318.695,309.68,318.43,1162614,314.042391,10775
2022-05-03 04:00:00+00:00,318.32,321.05,316.01,318.87,640907,318.287655,7780
2022-05-04 04:00:00+00:00,319.31,330.29,313.92,329.74,1173337,322.33755,9175
2022-05-05 04:00:00+00:00,325.13,325.13,309.63,313.4,1375035,314.393917,11750
2022-05-06 04:00:00+00:00,311.25,315.0,305.16,309.38,1153553,309.795578,9690
2022-05-09 04:00:00+00:00,303.48,305.78,295.77,297.18,1391114,299.670277,13241
2022-05-10 04:00:00+00:00,304.58,305.61,296.62,300.82,1447365,301.608187,13951
2022-05-11 04:00:00+00:00,298.41,303.94,290.98,291.79,1504377,297.025468,15035
2022-05-12 04:00:00+00:00,287.51,295.67,284.945,291.37,1634756,289.554298,13119
2022-05-13 04:00:00+00:00,295.78,302.98,294.1,301.78,851526,300.434872,8134
2022-05-16 04:00:00+00:00,300.14,302.23,297.2,298.62,646802,299.53662,6842
2022-05-17 04:00:00+00:00,304.48,306.56,300.61,306.22,729590,303.920281,5570
2022-05-18 04:00:00+00:00,301.51,302.22,289.86,291.14,1001385,295.166972,8869
2022-05-19 04:00:00+00:00,289.33,294.36,287.67,289.46,798581,290.988061,7926
2022-05-20 04:00:00+00:00,293.06,293.785,280.34,288.56,1061592,286.918992,8246
2022-05-23 04:00:00+00:00,289.85,293.77,287.31,293.38,545309,291.321458,5357
2022-05-24 04:00:00+00:00,288.065,288.86,282.28,287.225,767494,285.308006,6496
2022-05-25 04:00:00+00:00,285.82,293.32,285.5,291.28,687424,289.618067,4957
2022-05-26 04:00:00+00:00,290.43,300.91,290.2,299.33,819197,298.559682,7013
2022-05-27 04:00:00+00:00,302.57,309.17,302.445,309.105,800209,306.93931,4996
2022-05-31 04:00:00+00:00,309.14,311.315,304.35,308.53,650644,308.593751,5701
2022-06-01 04:00:00+00:00,310.53,312.54,303.78,305.98,592079,307.745539,5081
2022-06-02 04:00:00+00:00,304.92,314.56,303.45,314.47,933991,311.029995,6493
2022-06-03 04:00:00+00:00,308.94,310.41,304.99,306.055,639740,306.727363,4049
2022-06-06 04:00:00+00:00,310.805,312.335,305.675,307.22,474747,308.7186,3904
2022-06-07 04:00:00+00:00,303.67,310.63,302.73,309.98,712087,307.850354,5974
2022-06-08 04:00:00+00:00,309.04,311.65,306.795,307.55,839418,308.765528,6331
2022-06-09 04:00:00+00:00,305.885,308.91,299.255,299.255,974756,303.708602,7418
2022-06-10 04:00:00+00:00,293.73,294.68,288.405,288.74,1086288,290.182739,9848
2022-06-13 04:00:00+00:00,279.7,282.31,274.54,275.57,1278396,277.887204,11296
2022-06-14 04:00:00+00:00,277.62,278.65,273.34,275.91,1263350,275.909656,11237
2022-06-15 04:00:00+00:00,279.45,286.77,276.65,282.9,1532274,281.552249,13076
2022-06-16 04:00:00+00:00,275.59,276.04,269.3,271.59,1087289,271.966859,9455
2022-06-17 04:00:00+00:00,272.07,277.16,270.57,274.73,1007923,274.476294,8189
2022-06-21 04:00:00+00:00,278.73,283.45,278.7,281.06,874550,281.966432,8312
2022-06-22 04:00:00+00:00,278.47,285.17,277.935,280.7,798145,282.248958,6171
2022-06-23 04:00:00+00:00,283.2,285.72,280.32,284.88,968782,283.091153,8884
2022-06-24 04:00:00+00:00,287.81,294.9,287.6,294.86,1029993,292.120143,8369
2022-06-27 04:00:00+00:00,296.01,296.54,291.29,292.45,796263,292.865393,7475
2022-06-28 04:00:00+00:00,293.03,295.65,283.35,283.52,1007634,287.178938,7126
2022-06-29 04:00:00+00:00,283.38,285.24,280.92,283.915,794529,283.449369,6026
2022-06-30 04:00:00+00:00,280.75,283.85,275.81,280.38,1166094,279.972917,9693
2022-07-01 04:00:00+00:00,278.94,282.485,277.08,282.12,647686,280.175425,6867
2022-07-05 04:00:00+00:00,278.23,287.03,276.83,287.02,1137003,283.71641,7913
2022-07-06 04:00:00+00:00,287.4,290.95,285.63,288.78,782713,287.880389,6563
2022-07-07 04:00:00+00:00,289.76,295.68,289.76,294.94,938668,293.803797,7740
2022-07-08 04:00:00+00:00,291.99,296.73,291.255,295.39,900919,294.924402,7885
2022-07-11 04:00:00+00:00,292.81,293.07,288.225,288.81,628387,289.702651,5654
2022-07-12 04:00:00+00:00,290.36,292.13,284.63,286.23,770996,287.721233,6998
2022-07-13 04:00:00+00:00,280.61,287.97,280.31,285.8,760167,285.428792,7204
2022-07-14 04:00:00+00:00,282.99,287.55,279.83,286.675,735405,284.193511,6242
2022-07-15 04:00:00+00:00,289.85,291.96,288.11,291.77,808818,290.691932,8289
2022-07-18 04:00:00+00:00,294.69,296.14,288.29,289.27,924029,292.541257,8765
2022-07-19 04:00:00+00:00,293.22,298.585,291.51,298.22,893913,296.670474,7613
2022-07-20 04:00:00+00:00,298.74,304.24,297.95,303.055,983647,302.260099,12385
2022-07-21 04:00:00+00:00,303.56,307.43,300.83,307.43,818335,304.98206,8433
2022-07-22 04:00:00+00:00,306.44,308.49,300.12,301.98,848642,302.630442,8188
2022-07-25 04:00:00+00:00,302.03,302.4,298.25,300.36,664683,299.896466,6657
2022-07-26 04:00:00+00:00,298.37,298.74,293.57,294.33,646716,295.173952,6533
2022-07-27 04:00:00+00:00,299.13,308.52,298.58,306.74,1316020,304.669531,10436
2022-07-28 04:00:00+00:00,306.66,310.39,302.785,309.68,825359,307.547048,6705
2022-07-29 04:00:00+00:00,311.41,316.3,310.1,315.31,632349,314.098006,6111
2022-08-01 04:00:00+00:00,313.63,318.73,312.58,315.16,573912,315.888871,5166
2022-08-02 04:00:00+00:00,312.86,318.51,311.85,314.33,822662,315.308941,6963
2022-08-03 04:00:00+00:00,316.06,323.71,316.05,322.84,845218,321.724367,6402
2022-08-04 04:00:00+00:00,322.98,324.66,320.88,324.33,390327,323.119043,4091
2022-08-05 04:00:00+00:00,319.21,323.765,318.44,321.79,661782,320.743325,5116
2022-08-08 04:00:00+00:00,322.66,326.43,319.22,320.72,619894,321.980117,6279
2022-08-09 04:00:00+00:00,318.725,318.99,315.48,317.05,663515,316.865067,5690
2022-08-10 04:00:00+00:00,324.6,326.19,322.08,325.94,676443,324.767673,5228
2022-08-11 04:00:00+00:00,328.38,330.305,323.45,324.1,776191,326.495043,7136
2022-08-12 04:00:00+00:00,326.24,330.58,325.28,330.46,561592,328.627946,5594
2022-08-15 04:00:00+00:00,329.52,333.56,329.52,333.07,487655,331.940829,4167
2022-08-16 04:00:00+00:00,331.97,334.41,329.18,332.31,556251,331.931153,5017
2022-08-17 04:00:00+00:00,329.03,331.385,326.44,328.5,609038,328.552723,5772
2022-08-18 04:00:00+00:00,328.51,330.42,326.905,329.295,381390,329.206784,3920
2022-08-19 04:00:00+00:00,326.16,326.73,322.14,322.93,660484,323.342868,4880
2022-08-22 04:00:00+00:00,318.48,318.7,313.54,314.485,844680,315.306404,7445
2022-08-23 04:00:00+00:00,314.12,317.0,313.34,314.0,735687,314.717802,6683
2022-08-24 04:00:00+00:00,313.55,316.815,313.14,315.04,467855,315.240179,4441
2022-08-25 04:00:00+00:00,316.84,320.6,315.83,320.54,434915,318.749456,3742
2022-08-26 04:00:00+00:00,320.32,321.37,307.42,307.46,735415,311.394677,5000
2022-08-29 04:00:00+00:00,304.51,307.15,303.36,304.42,787958,305.266946,7199
2022-08-30 04:00:00+00:00,306.26,306.64,298.47,300.98,792711,301.0028,7757
2022-08-31 04:00:00+00:00,304.01,304.85,299.19,299.27,650374,300.943384,5066
2022-09-01 04:00:00+00:00,296.55,299.76,292.96,299.48,990829,295.918243,8236
2022-09-02 04:00:00+00:00,302.34,303.725,293.525,295.24,838717,297.800824,7898
2022-09-06 04:00:00+00:00,295.67,296.55,290.93,293.06,690858,293.472517,5035
2022-09-07 04:00:00+00:00,293.53,299.965,293.35,298.95,767792,297.300327,5433
2022-09-08 04:00:00+00:00,296.51,301.82,295.55,300.54,629754,299.112375,4938
2022-09-09 04:00:00+00:00,302.9,307.58,302.89,306.98,685314,306.258887,5293
2022-09-12 04:00:00+00:00,308.5,311.02,308.23,310.75,551474,310.069474,5996
2022-09-13 04:00:00+00:00,301.725,302.98,292.79,293.715,1639217,296.553395,12566
2022-09-14 04:00:00+00:00,294.85,296.86,293.13,296.02,780051,295.032909,6469
2022-09-15 04:00:00+00:00,294.02,296.47,289.48,291.02,819064,292.252975,6917
2022-09-16 04:00:00+00:00,287.64,289.695,285.66,289.19,786282,287.776349,7999
2022-09-19 04:00:00+00:00,286.14,291.195,286.1,291.05,634887,289.087758,4796
2022-09-20 04:00:00+00:00,288.49,291.06,286.38,288.68,808606,288.573438,6000
2022-09-21 04:00:00+00:00,289.64,293.89,283.45,283.46,1294549,288.353246,8072
2022-09-22 04:00:00+00:00,281.9,282.97,278.87,280.0,1184572,280.667014,9477
2022-09-23 04:00:00+00:00,277.61,277.74,272.04,275.68,960429,274.843828,6591
2022-09-26 04:00:00+00:00,275.01,279.39,273.62,273.96,969552,275.959285,5791
2022-09-27 04:00:00+00:00,277.83,280.1,272.11,274.6,1063952,275.319297,6738
2022-09-28 04:00:00+00:00,274.44,281.23,272.97,279.8,1045547,277.908336,7109
2022-09-29 04:00:00+00:00,275.9,276.2,268.87,272.05,950495,271.504527,7373
2022-09-30 04:00:00+00:00,270.98,275.14,267.1,267.55,858173,271.001186,6403
2022-10-03 04:00:00+00:00,269.09,275.12,267.63,273.39,670269,272.310501,4711
2022-10-04 04:00:00+00:00,279.02,282.84,279.02,282.04,762862,281.466419,5743
2022-10-05 04:00:00+00:00,278.27,283.775,275.6,281.9,811389,280.006613,6166
2022-10-06 04:00:00+00:00,281.01,284.12,279.44,279.79,748618,280.90833,6118
2022-10-07 04:00:00+00:00,274.94,275.14,267.81,269.1,1079660,270.60402,6261
2022-10-10 04:00:00+00:00,269.33,269.61,263.66,266.12,1001869,266.242503,6351
2022-10-11 04:00:00+00:00,264.63,267.56,261.09,263.02,1130939,263.67485,7666
2022-10-12 04:00:00+00:00,263.41,265.3,262.01,262.69,740967,263.443032,5368
2022-10-13 04:00:00+00:00,255.17,270.15,254.27,268.73,1196277,264.530052,7387
2022-10-14 04:00:00+00:00,271.24,271.71,260.15,260.67,928971,263.621668,6697
2022-10-17 04:00:00+00:00,266.81,270.23,266.8,269.48,936063,268.985438,7984
2022-10-18 04:00:00+00:00,276.58,277.19,268.84,271.69,818027,272.007843,5973
2022-10-19 04:00:00+00:00,269.7,273.62,268.09,270.63,524384,270.34975,3741
2022-10-20 04:00:00+00:00,269.47,274.83,267.92,269.02,750258,270.987562,7674
2022-10-21 04:00:00+00:00,268.0,275.955,266.98,275.64,812582,272.949942,7978
2022-10-24 04:00:00+00:00,275.88,279.37,272.005,278.45,662515,276.951712,6526
2022-10-25 04:00:00+00:00,279.46,284.57,279.46,284.25,839835,283.013412,5309
2022-10-26 04:00:00+00:00,278.46,283.93,277.5,277.86,1079546,279.814008,9393
2022-10-27 04:00:00+00:00,276.86,278.25,272.355,272.66,710486,274.311033,6883
2022-10-28 04:00:00+00:00,272.17,281.69,272.07,281.22,1202156,278.800528,10242
2022-10-31 04:00:00+00:00,278.88,279.65,276.02,277.88,822406,278.054023,5841
2022-11-01 04:00:00+00:00,281.68,282.04,274.74,275.01,756291,276.707951,6211
2022-11-02 04:00:00+00:00,275.05,278.01,265.63,265.63,1288226,271.831321,9274
2022-11-03 04:00:00+00:00,262.85,264.48,260.16,260.48,1243492,262.183212,9451
2022-11-04 04:00:00+00:00,265.61,266.45,259.09,264.65,1327590,262.474099,9844
2022-11-07 05:00:00+00:00,265.78,268.14,263.58,267.62,657970,266.1469,6271
2022-11-08 05:00:00+00:00,269.2,272.85,265.53,269.51,1151251,269.518843,8931
2022-11-09 05:00:00+00:00,267.77,268.52,263.03,263.24,867623,265.648917,6716
2022-11-10 05:00:00+00:00,276.11,283.02,273.91,282.65,1524015,279.122969,10039
2022-11-11 05:00:00+00:00,282.73,288.64,281.25,287.96,1035609,286.292855,11451
2022-11-14 05:00:00+00:00,285.88,289.17,284.61,285.225,862880,286.767625,7963
2022-11-15 05:00:00+00:00,292.34,293.21,285.99,289.4,769473,290.512305,7933
2022-11-16 05:00:00+00:00,287.19,287.735,284.63,285.415,605323,285.959088,7045
2022-11-17 05:00:00+00:00,280.89,286.3,280.79,284.83,1062137,283.685444,6590
2022-11-18 05:00:00+00:00,287.88,287.96,282.36,284.81,602097,284.277453,5062
2022-11-21 05:00:00+00:00,283.41,284.57,281.05,281.82,440401,282.2183,3235
2022-11-22 05:00:00+00:00,282.79,286.105,280.49,285.935,595784,283.818539,5779
2022-11-23 05:00:00+00:00,285.98,289.39,285.795,288.79,524320,288.060157,5047
2022-11-25 05:00:00+00:00,287.27,287.88,286.51,286.85,203830,287.128483,2204
2022-11-28 05:00:00+00:00,284.69,286.94,281.79,282.65,464348,284.068304,5102
2022-11-29 05:00:00+00:00,282.79,283.31,279.17,280.54,479725,280.846439,4436
2022-11-30 05:00:00+00:00,280.85,293.43,279.99,293.43,1019112,287.939238,6981
2022-12-01 05:00:00+00:00,293.65,295.6,290.97,293.82,663700,293.451935,6941
2022-12-02 05:00:00+00:00,288.56,293.395,288.39,292.62,703758,290.923764,6405
2022-12-05 05:00:00+00:00,290.42,291.67,286.18,287.56,646415,288.369318,6229
2022-12-06 05:00:00+00:00,287.41,287.58,280.265,281.79,644216,282.655263,7078
2022-12-07 05:00:00+00:00,280.36,282.55,278.88,280.42,432457,280.489902,4490
2022-12-08 05:00:00+00:00,281.88,284.795,279.81,283.97,562920,283.381074,4169
2022-12-09 05:00:00+00:00,282.85,285.605,281.65,282.08,409336,284.077021,4115
2022-12-12 05:00:00+00:00,282.19,285.6,281.18,285.6,405100,283.353052,4554
2022-12-13 05:00:00+00:00,296.78,296.81,286.03,288.64,688520,290.717195,6160
2022-12-14 05:00:00+00:00,288.04,291.35,283.32,286.44,717007,287.954362,6475
2022-12-15 05:00:00+00:00,282.23,282.91,275.71,276.85,940130,277.789299,8297
2022-12-16 05:00:00+00:00,276.2,277.76,272.65,274.19,764887,274.452232,5881
2022-12-19 05:00:00+00:00,273.87,273.87,268.5,269.91,481125,270.431386,4034
2022-12-20 05:00:00+00:00,268.565,271.265,266.98,269.55,480087,269.559148,3778
2022-12-21 05:00:00+00:00,270.64,274.77,269.75,273.55,483162,273.05473,4405
2022-12-22 05:00:00+00:00,270.26,270.46,262.51,266.79,917819,265.585823,6721
2022-12-23 05:00:00+00:00,265.41,268.0,263.66,267.34,280505,265.936597,2975
2022-12-27 05:00:00+00:00,266.78,266.78,263.125,263.46,577382,264.485088,4480
2022-12-28 05:00:00+00:00,263.19,265.36,259.745,260.04,1131232,261.75078,5513
2022-12-29 05:00:00+00:00,262.99,267.4,262.28,266.475,865585,266.210784,6225
2022-12-30 05:00:00+00:00,263.35,266.37,262.34,266.37,524404,264.137102,5421
2023-01-03 05:00:00+00:00,268.63,270.09,262.32,264.49,402071,264.530346,5488
2023-01-04 05:00:00+00:00,266.7,267.395,262.6,265.76,654650,265.251673,5874
2023-01-05 05:00:00+00:00,263.97,264.065,261.29,261.58,510243,262.486769,5270
2023-01-06 05:00:00+00:00,263.295,269.9,260.38,268.71,652106,266.613627,5800
2023-01-09 05:00:00+00:00,270.84,275.29,269.935,270.45,719596,273.102363,6163
2023-01-10 05:00:00+00:00,269.48,272.88,269.0,272.88,423201,271.365114,4918
2023-01-11 05:00:00+00:00,274.03,277.66,273.165,277.56,599239,275.84366,5831
2023-01-12 05:00:00+00:00,278.34,279.975,273.76,279.08,676105,278.01144,7437
2023-01-13 05:00:00+00:00,276.43,281.2,276.37,280.94,409279,279.53534,3392
2023-01-17 05:00:00+00:00,280.85,282.83,279.67,281.445,475395,281.229368,7205
2023-01-18 05:00:00+00:00,283.17,284.66,277.685,277.805,603389,279.753074,7249
2023-01-19 05:00:00+00:00,276.11,277.37,273.96,275.0,492278,275.734703,5195
2023-01-20 05:00:00+00:00,276.68,283.01,275.82,282.84,736764,280.224461,7560
2023-01-23 05:00:00+00:00,283.54,290.2,282.75,289.1,930018,288.072789,7079
2023-01-24 05:00:00+00:00,287.5,289.47,286.78,288.46,574001,288.27005,7000
2023-01-25 05:00:00+00:00,283.72,288.32,281.21,287.58,642275,284.831893,6397
2023-01-26 05:00:00+00:00,291.39,293.51,288.56,293.485,623970,291.559763,5917
2023-01-27 05:00:00+00:00,292.08,298.235,292.0,296.16,718088,295.920693,6191
2023-01-30 05:00:00+00:00,292.84,294.37,289.92,290.01,780744,291.428908,5685
2023-01-31 05:00:00+00:00,290.39,294.72,290.24,294.68,561792,292.785616,5163
2023-02-01 05:00:00+00:00,294.42,303.3,292.39,301.02,687618,297.139514,6285
2023-02-02 05:00:00+00:00,307.56,313.665,306.8,311.75,1111955,310.086637,9886
2023-02-03 05:00:00+00:00,304.89,312.315,304.56,306.15,874599,308.211903,8147
2023-02-06 05:00:00+00:00,303.5,305.84,302.25,303.63,540966,304.048972,6124
2023-02-07 05:00:00+00:00,303.48,311.0,302.33,310.045,757292,306.491385,6308
2023-02-08 05:00:00+00:00,308.48,309.45,303.69,304.46,658666,305.438262,7212
2023-02-09 05:00:00+00:00,308.915,308.97,300.23,301.61,716676,303.853821,8037
2023-02-10 05:00:00+00:00,299.49,301.54,297.26,299.71,790502,299.245181,7242
2023-02-13 05:00:00+00:00,301.1,305.06,299.93,304.495,556479,303.53223,4894
2023-02-14 05:00:00+00:00,302.91,307.69,300.93,306.71,736026,304.817402,7405
2023-02-15 05:00:00+00:00,304.9,309.25,304.29,309.25,611154,307.147496,6982
2023-02-16 05:00:00+00:00,304.36,308.37,303.15,303.18,676499,305.94069,5823
2023-02-17 05:00:00+00:00,301.07,301.76,298.13,301.09,780930,299.985069,6840
2023-02-21 05:00:00+00:00,297.21,298.71,293.895,293.93,729607,295.662506,6655
2023-02-22 05:00:00+00:00,294.73,296.09,292.6,294.14,587105,294.247353,5977
2023-02-23 05:00:00+00:00,297.96,298.1,292.57,296.88,660736,295.67307,6510
2023-02-24 05:00:00+00:00,291.44,292.88,290.05,291.79,692195,291.190596,6466
2023-02-27 05:00:00+00:00,295.21,296.44,293.35,293.96,410046,294.511748,4379
2023-02-28 05:00:00+00:00,293.3,296.07,293.04,293.56,438130,294.436867,4154
2023-03-01 05:00:00+00:00,293.06,293.9,290.24,291.03,509452,291.561929,3891
2023-03-02 05:00:00+00:00,288.6,294.43,288.38,293.69,591513,291.536963,6660
2023-03-03 05:00:00+00:00,295.45,299.92,294.89,299.71,589148,297.817496,5387
2023-03-06 05:00:00+00:00,301.1,303.98,299.83,300.03,686198,301.651689,6317
2023-03-07 05:00:00+00:00,300.02,301.01,295.72,296.36,904425,297.743325,8680
2023-03-08 05:00:00+00:00,296.78,298.42,294.965,297.83,740976,296.910881,7553
2023-03-09 05:00:00+00:00,298.31,300.95,291.86,292.6,1149064,295.856684,10079
2023-03-10 05:00:00+00:00,292.78,294.34,287.47,288.54,1074211,290.020946,11824
2023-03-13 04:00:00+00:00,286.66,294.44,285.24,290.7,1050955,291.386976,10700
2023-03-14 04:00:00+00:00,294.38,297.93,293.46,297.35,857947,296.063147,8978
2023-03-15 04:00:00+00:00,294.49,299.235,293.27,298.85,1034085,296.122644,11449
2023-03-16 04:00:00+00:00,298.0,307.17,297.255,306.8,1069409,304.21043,10243
2023-03-17 04:00:00+00:00,306.7,309.08,303.43,305.32,888285,305.54122,8900
2023-03-20 04:00:00+00:00,304.3,306.29,302.01,305.74,769090,304.311419,8589
2023-03-21 04:00:00+00:00,307.93,310.74,306.41,310.23,618504,308.43764,5990
2023-03-22 04:00:00+00:00,310.25,315.19,305.95,306.05,821367,311.041363,8915
2023-03-23 04:00:00+00:00,309.89,314.08,307.06,309.72,1009362,310.691585,8234
2023-03-24 04:00:00+00:00,309.17,310.965,307.02,310.95,705942,309.024916,7136
2023-03-27 04:00:00+00:00,311.645,312.645,307.91,308.68,724433,309.663507,6590
2023-03-28 04:00:00+00:00,308.16,308.16,304.78,307.14,717556,306.132206,8019
2023-03-29 04:00:00+00:00,310.9,313.29,310.07,312.73,986317,311.79301,10318
2023-03-30 04:00:00+00:00,315.23,316.29,313.94,315.69,1302146,315.174721,10808
2023-03-31 04:00:00+00:00,315.92,321.16,315.66,320.83,1015000,318.960621,10013
2023-04-03 04:00:00+00:00,318.75,320.39,317.48,320.17,812455,318.959931,9227
2023-04-04 04:00:00+00:00,320.62,321.63,317.83,319.105,712960,319.392063,7572
2023-04-05 04:00:00+00:00,318.03,318.23,314.07,315.83,1091031,315.793989,9268
2023-04-06 04:00:00+00:00,314.19,318.54,312.88,318.11,789099,316.394797,7882
2023-04-10 04:00:00+00:00,315.08,317.87,313.25,317.77,726034,315.651991,6984
2023-04-11 04:00:00+00:00,317.8,317.8,315.36,315.79,569251,316.289928,7534
2023-04-12 04:00:00+00:00,317.84,318.4,312.57,312.95,926466,315.18095,9556
2023-04-13 04:00:00+00:00,314.85,319.65,314.66,319.24,853232,317.876585,8958
2023-04-14 04:00:00+00:00,317.57,320.33,315.64,318.59,946837,317.738084,8829
2023-04-17 04:00:00+00:00,318.17,319.185,316.15,318.77,658395,317.74573,7006
2023-04-18 04:00:00+00:00,321.05,321.36,317.65,318.85,632097,318.99268,6431
2023-04-19 04:00:00+00:00,316.29,319.64,316.28,318.77,548971,318.365593,5532
2023-04-20 04:00:00+00:00,315.62,319.26,314.975,316.29,976407,316.985804,9314
2023-04-21 04:00:00+00:00,315.85,317.39,314.13,316.66,575491,316.059502,6540
2023-04-24 04:00:00+00:00,316.33,317.72,313.74,315.91,674098,315.456067,6608
2023-04-25 04:00:00+00:00,314.28,314.97,309.92,309.92,780313,311.998926,7395
2023-04-26 04:00:00+00:00,313.4,314.935,311.34,311.88,853164,312.912488,8514
2023-04-27 04:00:00+00:00,315.74,320.85,315.05,320.37,1196713,318.688183,10932
2023-04-28 04:00:00+00:00,319.98,322.615,318.98,322.61,1189235,321.014348,10129
2023-05-01 04:00:00+00:00,322.09,323.58,321.11,322.205,703067,322.317465,6185
2023-05-02 04:00:00+00:00,322.12,322.42,317.69,319.26,813866,319.489823,7994
2023-05-03 04:00:00+00:00,319.75,322.38,317.2,317.355,490092,319.571684,4970
2023-05-04 04:00:00+00:00,317.04,318.21,315.15,316.19,705119,316.584691,8405
2023-05-05 04:00:00+00:00,318.36,323.74,318.11,322.89,869794,321.739144,7407
2023-05-08 04:00:00+00:00,322.44,324.03,321.34,323.72,364890,322.877354,4192
2023-05-09 04:00:00+00:00,322.105,322.82,321.35,321.56,438908,321.878995,4206
2023-05-10 04:00:00+00:00,324.12,326.01,321.62,325.2,901207,324.371817,6590
2023-05-11 04:00:00+00:00,325.71,326.745,324.14,326.115,485021,325.719643,4422
2023-05-12 04:00:00+00:00,326.74,327.15,322.95,325.06,704816,324.625722,5032
2023-05-15 04:00:00+00:00,325.53,327.03,323.99,326.75,673638,325.911116,6190
2023-05-16 04:00:00+00:00,326.04,328.9,326.04,327.16,614020,327.977551,5558
2023-05-17 04:00:00+00:00,328.245,331.685,327.08,331.2,572208,329.9524,5152
2023-05-18 04:00:00+00:00,331.52,337.49,331.52,337.255,786674,335.293539,7289
2023-05-19 04:00:00+00:00,337.59,338.165,335.44,336.44,707545,336.560078,5828
2023-05-22 04:00:00+00:00,336.34,338.61,336.245,337.575,472749,337.673381,4830
2023-05-23 04:00:00+00:00,335.92,337.025,333.02,333.32,621592,334.983874,5891
2023-05-24 04:00:00+00:00,331.26,332.88,329.585,331.55,1036731,330.835249,7155
2023-05-25 04:00:00+00:00,339.26,340.955,336.74,339.68,864846,339.278317,7021
2023-05-26 04:00:00+00:00,340.77,349.23,340.72,348.42,1048914,346.526655,8238
2023-05-30 04:00:00+00:00,352.84,353.895,348.57,349.9,1159352,351.02235,8211
2023-05-31 04:00:00+00:00,348.26,350.57,346.54,347.58,1041848,348.101039,6892
2023-06-01 04:00:00+00:00,347.73,353.305,346.68,352.0,519502,350.859969,4441
2023-06-02 04:00:00+00:00,353.89,355.8,352.05,354.48,503945,354.401165,5731
2023-06-05 04:00:00+00:00,354.49,357.49,353.86,354.895,546924,355.556714,4712
2023-06-06 04:00:00+00:00,354.22,355.71,352.97,354.97,583134,354.572989,6684
2023-06-07 04:00:00+00:00,355.23,357.06,348.2,348.79,1163036,350.809198,8298
2023-06-08 04:00:00+00:00,349.18,353.6,348.95,353.17,622613,351.921609,4829
2023-06-09 04:00:00+00:00,354.625,357.625,353.08,354.475,641466,355.330529,5477
2023-06-12 04:00:00+00:00,356.21,360.575,355.2,360.51,498184,357.861308,5499
2023-06-13 04:00:00+00:00,363.43,364.07,360.13,363.31,527279,362.464078,4865
2023-06-14 04:00:00+00:00,363.31,366.15,360.42,365.89,639020,363.978785,4396
2023-06-15 04:00:00+00:00,364.68,371.765,364.0,370.26,724691,368.827312,5712
2023-06-16 04:00:00+00:00,372.74,372.81,367.48,367.78,840702,369.96361,5460
2023-06-20 04:00:00+00:00,366.03,368.31,363.95,366.95,444755,366.17778,4906
2023-06-21 04:00:00+00:00,365.855,366.13,360.99,361.96,480117,362.782429,4557
2023-06-22 04:00:00+00:00,360.64,366.31,360.27,366.22,452628,364.389722,4909
2023-06-23 04:00:00+00:00,362.16,364.76,360.86,362.53,455561,362.653254,5322
2023-06-26 04:00:00+00:00,362.05,364.83,357.61,357.73,675218,359.922005,5099
2023-06-27 04:00:00+00:00,359.21,364.54,358.62,363.86,622054,362.29599,4888
2023-06-28 04:00:00+00:00,362.03,366.46,361.99,364.55,460298,364.212741,4565
2023-06-29 04:00:00+00:00,364.25,364.825,362.2,363.84,798991,363.659955,5601
2023-06-30 04:00:00+00:00,367.57,370.48,367.28,369.54,997914,369.525637,6524
2023-07-03 04:00:00+00:00,369.98,370.9,368.98,370.33,174788,369.867467,1873
2023-07-05 04:00:00+00:00,368.71,371.995,368.71,370.27,361578,370.602429,3573
2023-07-06 04:00:00+00:00,366.54,367.9,364.52,367.495,579301,366.26708,5248
2023-07-07 04:00:00+00:00,367.23,370.44,366.04,366.22,666137,368.191961,4939
2023-07-10 04:00:00+00:00,365.97,367.0,363.47,366.39,468136,365.514393,4289
2023-07-11 04:00:00+00:00,366.79,368.57,364.66,368.18,392961,366.812543,4889
2023-07-12 04:00:00+00:00,372.44,374.17,370.33,372.75,682932,372.626013,6320
2023-07-13 04:00:00+00:00,376.09,379.985,375.47,379.2,473061,378.029071,4860
2023-07-14 04:00:00+00:00,379.73,382.86,378.245,379.14,456464,380.479052,4137
2023-07-17 04:00:00+00:00,379.8,383.45,379.42,382.46,382878,381.411076,3943
2023-07-18 04:00:00+00:00,381.91,387.08,380.01,385.84,737398,383.640874,6413
2023-07-19 04:00:00+00:00,386.82,387.96,384.34,385.32,431719,386.011477,3966
2023-07-20 04:00:00+00:00,382.56,384.06,375.77,376.65,1119180,379.258817,7320
2023-07-21 04:00:00+00:00,379.135,379.855,375.2,375.76,732344,376.813772,5702
2023-07-24 04:00:00+00:00,376.63,377.55,374.37,376.22,327253,376.055387,3492
2023-07-25 04:00:00+00:00,376.99,380.45,376.99,378.87,409780,378.908149,4364
2023-07-26 04:00:00+00:00,377.6,379.12,375.21,377.54,472810,376.989899,4246
2023-07-27 04:00:00+00:00,383.11,384.58,375.32,376.63,710591,379.733043,5383
2023-07-28 04:00:00+00:00,380.6,384.48,380.22,383.41,760857,383.176805,5503
2023-07-31 04:00:00+00:00,383.92,384.78,382.39,383.81,688010,383.43505,5602
2023-08-01 04:00:00+00:00,382.35,383.54,380.73,382.84,533556,382.516871,5997
2023-08-02 04:00:00+00:00,379.17,379.215,373.14,374.46,1057739,375.393193,8367
2023-08-03 04:00:00+00:00,371.93,375.895,371.92,373.86,666654,373.83156,6444
2023-08-04 04:00:00+00:00,375.725,378.085,371.55,371.97,679694,374.7075,6550
2023-08-07 04:00:00+00:00,373.99,375.29,371.56,375.24,472160,373.736128,5673
2023-08-08 04:00:00+00:00,372.61,372.62,368.85,371.93,499813,370.627135,4808
2023-08-09 04:00:00+00:00,372.22,372.4,367.16,367.87,760695,369.165811,5748
2023-08-10 04:00:00+00:00,371.01,374.35,367.035,368.55,696090,370.279238,5987
2023-08-11 04:00:00+00:00,365.83,368.0,364.77,366.09,500401,366.14995,4689
2023-08-14 04:00:00+00:00,365.52,370.47,364.725,370.45,420212,368.744469,4696
2023-08-15 04:00:00+00:00,369.26,370.14,365.765,366.425,531580,367.274972,4716
2023-08-16 04:00:00+00:00,365.85,367.27,362.465,362.56,534585,364.744767,4251
2023-08-17 04:00:00+00:00,363.98,364.29,358.21,358.53,870264,360.530739,6462
2023-08-18 04:00:00+00:00,355.13,359.355,354.75,358.13,778543,357.03094,6305
2023-08-21 04:00:00+00:00,359.65,364.585,359.18,364.04,533770,362.230932,5062
2023-08-22 04:00:00+00:00,366.51,366.52,362.71,363.38,542967,364.036085,5414
2023-08-23 04:00:00+00:00,364.54,370.21,364.37,369.16,675891,368.647081,5498
2023-08-24 04:00:00+00:00,372.67,372.67,361.03,361.03,967876,365.111175,9462
2023-08-25 04:00:00+00:00,362.01,365.705,358.59,364.12,895799,362.277227,6941
2023-08-28 04:00:00+00:00,367.03,367.7,364.275,366.81,559198,365.910155,5030
2023-08-29 04:00:00+00:00,366.54,375.12,366.27,374.68,865070,373.00638,6773
2023-08-30 04:00:00+00:00,374.94,377.41,373.88,376.89,586736,376.206851,5029
2023-08-31 04:00:00+00:00,377.01,379.71,377.0,377.92,432228,378.548222,3587
2023-09-01 04:00:00+00:00,380.42,380.72,376.12,377.66,521553,377.677481,4529
2023-09-05 04:00:00+00:00,376.76,379.29,375.905,378.02,422367,377.849188,4221
2023-09-06 04:00:00+00:00,377.22,377.575,372.73,374.83,655222,374.511973,5694
2023-09-07 04:00:00+00:00,370.21,372.79,369.19,372.1,652019,371.230181,5566
2023-09-08 04:00:00+00:00,372.01,374.83,371.625,372.66,418292,373.107436,4169
2023-09-11 04:00:00+00:00,375.66,377.475,373.66,377.005,461315,375.669483,4904
2023-09-12 04:00:00+00:00,375.09,376.61,372.52,372.81,573367,373.908818,5048
2023-09-13 04:00:00+00:00,372.97,375.83,371.9,374.23,589657,374.104712,4671
2023-09-14 04:00:00+00:00,375.96,378.26,373.955,377.25,510306,376.921652,4629
2023-09-15 04:00:00+00:00,375.91,376.27,369.9,370.61,763450,371.737545,6209
2023-09-18 04:00:00+00:00,369.36,371.76,369.04,370.7,569964,370.571086,4272
2023-09-19 04:00:00+00:00,369.28,370.595,366.83,369.86,488847,368.796153,3868
2023-09-20 04:00:00+00:00,370.92,371.23,364.5,364.55,780228,368.023542,6161
2023-09-21 04:00:00+00:00,360.83,361.59,357.71,357.78,1072360,359.725972,10001
2023-09-22 04:00:00+00:00,359.61,361.78,357.63,357.925,907471,359.693362,7665
2023-09-25 04:00:00+00:00,356.9,359.68,355.945,359.68,497380,358.103602,4163
2023-09-26 04:00:00+00:00,357.04,357.485,353.22,354.23,856169,355.036904,7368
2023-09-27 04:00:00+00:00,355.38,356.96,351.36,355.14,766066,354.318545,6420
2023-09-28 04:00:00+00:00,354.11,360.14,353.29,358.03,657225,357.482618,5710
2023-09-29 04:00:00+00:00,361.52,362.915,357.05,358.39,947967,360.008775,8024
2023-10-02 04:00:00+00:00,358.49,362.635,357.93,361.23,819023,360.116798,6470
2023-10-03 04:00:00+00:00,358.77,360.96,353.275,354.89,925420,355.558458,6774
2023-10-04 04:00:00+00:00,355.81,360.61,355.325,359.72,655832,358.416501,5205
2023-10-05 04:00:00+00:00,359.79,360.12,355.16,358.51,619823,357.83214,5196
2023-10-06 04:00:00+00:00,355.7,365.91,354.85,364.7,1384980,362.633973,10037
2023-10-09 04:00:00+00:00,362.27,367.11,360.79,366.56,805096,364.40236,6119
2023-10-10 04:00:00+00:00,366.89,371.27,366.4,368.515,755687,369.177844,6577
2023-10-11 04:00:00+00:00,369.93,371.39,368.24,371.2,617876,369.997992,6289
2023-10-12 04:00:00+00:00,371.78,373.515,367.55,369.86,757757,370.658156,6504
2023-10-13 04:00:00+00:00,370.6,371.12,363.9,365.23,887140,366.109161,7313
2023-10-16 04:00:00+00:00,366.67,370.455,366.56,369.4,713044,369.247832,5582
2023-10-17 04:00:00+00:00,365.73,369.91,363.69,368.26,836418,367.317926,6244
2023-10-18 04:00:00+00:00,365.64,367.88,362.07,363.04,745755,364.66364,5284
2023-10-19 04:00:00+00:00,364.72,366.0,359.2,359.98,716531,362.672387,5723
2023-10-20 04:00:00+00:00,359.29,360.03,354.37,354.64,1105932,356.239501,7899
2023-10-23 04:00:00+00:00,353.22,359.2,351.28,355.79,934118,356.132464,8172
2023-10-24 04:00:00+00:00,357.5,359.89,355.84,359.09,629285,358.273742,5516
2023-10-25 04:00:00+00:00,356.69,356.785,349.76,350.39,968911,352.10233,7345
2023-10-26 04:00:00+00:00,349.16,350.04,342.36,343.62,1144594,345.236442,8657
2023-10-27 04:00:00+00:00,346.46,348.78,344.105,345.46,928616,346.175439,7169
2023-10-30 04:00:00+00:00,347.89,350.52,346.49,349.16,901270,348.709216,6302
2023-10-31 04:00:00+00:00,349.235,351.24,346.63,350.98,684922,349.580872,5968
2023-11-01 04:00:00+00:00,351.7,357.525,351.7,357.08,905297,354.575437,7567
2023-11-02 04:00:00+00:00,361.67,363.67,360.36,363.47,1043425,362.491897,7998
2023-11-03 04:00:00+00:00,364.84,369.02,364.57,367.78,921047,367.062032,7492
2023-11-06 05:00:00+00:00,368.605,369.72,366.91,369.25,601442,368.408297,5646
2023-11-07 05:00:00+00:00,370.31,373.57,369.1,372.7,776567,372.3355,6858
2023-11-08 05:00:00+00:00,373.03,373.76,370.63,372.99,662947,372.508452,5402
2023-11-09 05:00:00+00:00,373.67,374.795,369.6,370.05,737336,371.83568,6822
2023-11-10 05:00:00+00:00,371.83,378.53,371.3,378.38,987170,376.284186,8105
2023-11-13 05:00:00+00:00,376.82,378.24,375.27,377.21,817186,377.197482,6609
2023-11-14 05:00:00+00:00,383.71,386.25,383.2,385.26,1179061,385.011077,9254
2023-11-15 05:00:00+00:00,387.355,387.73,384.24,385.66,973021,386.035595,7356
2023-11-16 05:00:00+00:00,384.8,386.19,383.57,385.98,605568,385.21964,5786
2023-11-17 05:00:00+00:00,385.19,387.06,384.31,386.03,480585,385.655491,5901
2023-11-20 05:00:00+00:00,386.115,391.41,386.1,390.76,709153,389.607861,6609
2023-11-21 05:00:00+00:00,389.06,389.21,386.72,388.44,729115,388.024671,5425
2023-11-22 05:00:00+00:00,390.675,393.04,389.11,390.04,613665,390.563687,5538
2023-11-24 05:00:00+00:00,389.66,390.23,388.54,389.5,399390,389.259307,3042
2023-11-27 05:00:00+00:00,389.11,391.11,388.34,389.13,865562,389.732662,7471
2023-11-28 05:00:00+00:00,388.44,390.74,388.06,390.15,442706,389.348664,4149
2023-11-29 05:00:00+00:00,392.68,394.11,389.47,389.78,553770,391.22405,5570
2023-11-30 05:00:00+00:00,390.01,390.48,385.83,388.94,854499,387.617094,7193
2023-12-01 05:00:00+00:00,387.64,390.51,386.13,389.95,699581,389.056819,7308
2023-12-04 05:00:00+00:00,386.05,386.59,382.66,386.26,834652,385.141512,7669
2023-12-05 05:00:00+00:00,384.35,388.48,384.25,387.31,783764,386.804183,7179
2023-12-06 05:00:00+00:00,390.31,390.34,384.71,385.02,699329,386.663985,6839
2023-12-07 05:00:00+00:00,387.95,391.27,387.01,390.56,802938,389.778639,6248
2023-12-08 05:00:00+00:00,388.68,392.62,388.615,392.15,820536,391.262143,7769
2023-12-11 05:00:00+00:00,391.775,395.79,391.61,395.62,735452,394.3688,8453
2023-12-12 05:00:00+00:00,395.58,398.79,394.42,398.78,628849,397.364926,6049
2023-12-13 05:00:00+00:00,399.615,404.33,398.86,403.79,876140,401.487695,8476
2023-12-14 05:00:00+00:00,404.99,406.29,400.365,403.4,1193959,403.505081,11271
2023-12-15 05:00:00+00:00,404.08,406.53,403.59,404.935,1159311,405.258538,10093
2023-12-18 05:00:00+00:00,404.94,407.98,404.65,407.15,713793,406.764537,6636
2023-12-19 05:00:00+00:00,407.42,409.25,407.39,409.175,608962,408.453023,6870
2023-12-20 05:00:00+00:00,408.29,410.46,402.92,403.06,1175586,405.894108,9285
2023-12-21 05:00:00+00:00,407.04,408.13,404.47,407.79,885052,406.552667,8812
2023-12-22 05:00:00+00:00,409.075,409.96,406.56,408.48,637361,408.668112,6018
2023-12-26 05:00:00+00:00,409.3,411.56,409.23,410.9,441442,410.563438,4051
2023-12-27 05:00:00+00:00,411.04,411.78,410.13,411.46,586308,410.954443,4629
2023-12-28 05:00:00+00:00,412.69,412.89,410.94,411.26,598174,411.79852,5354
2023-12-29 05:00:00+00:00,411.24,411.64,407.58,409.46,819315,409.432445,7649
2024-01-02 05:00:00+00:00,405.78,405.99,400.26,402.6,1297521,402.543684,11913
2024-01-03 05:00:00+00:00,399.94,400.92,397.95,398.27,914438,399.306658,8407
2024-01-04 05:00:00+00:00,396.41,399.56,396.07,396.34,723313,397.411295,6298
2024-01-05 05:00:00+00:00,396.39,399.5,395.36,396.71,803880,397.40965,7970
2024-01-08 05:00:00+00:00,398.21,405.235,397.86,405.0,1161944,403.286226,9261
2024-01-09 05:00:00+00:00,401.91,406.65,401.73,405.78,754373,404.488629,7512
2024-01-10 05:00:00+00:00,406.14,409.51,405.17,408.48,612283,407.607114,6427
2024-01-11 05:00:00+00:00,409.89,411.14,404.28,409.35,957387,407.382185,9062
2024-01-12 05:00:00+00:00,410.39,411.22,408.18,409.48,645052,409.505344,5252
2024-01-16 05:00:00+00:00,408.34,411.11,406.92,409.52,693631,408.959623,7115
2024-01-17 05:00:00+00:00,406.25,407.57,402.96,407.26,843557,405.489931,7551
2024-01-18 05:00:00+00:00,410.79,413.57,409.17,413.14,1095655,411.906288,10716
2024-01-19 05:00:00+00:00,415.2,421.33,414.645,421.24,1209826,418.632396,11308
2024-01-22 05:00:00+00:00,423.52,424.69,421.16,421.75,669193,422.338578,6694
2024-01-23 05:00:00+00:00,422.38,423.635,420.59,423.39,670012,422.24504,5966
2024-01-24 05:00:00+00:00,427.4,429.84,425.34,425.85,777252,427.455834,6982
2024-01-25 05:00:00+00:00,428.38,429.03,423.98,426.3,730987,426.516248,6091
2024-01-26 05:00:00+00:00,424.42,426.19,423.2,423.72,559477,424.412375,4617
2024-01-29 05:00:00+00:00,424.23,428.35,423.63,428.15,584984,426.367737,5554
2024-01-30 05:00:00+00:00,427.18,427.65,424.39,425.26,547659,425.980371,5941
2024-01-31 05:00:00+00:00,420.55,422.86,416.81,416.95,842864,419.327229,7724
2024-02-01 05:00:00+00:00,418.72,422.365,417.81,422.07,756691,420.268995,6900
2024-02-02 05:00:00+00:00,423.67,430.24,422.84,429.145,854002,427.914981,7820
2024-02-05 05:00:00+00:00,429.02,429.59,425.06,428.42,638373,427.985777,6296
2024-02-06 05:00:00+00:00,429.58,430.155,425.25,427.67,696341,426.897492,6897
2024-02-07 05:00:00+00:00,430.45,432.81,429.09,432.03,734367,431.504262,6577
2024-02-08 05:00:00+00:00,432.28,433.54,431.45,432.79,453020,432.704898,5197
2024-02-09 05:00:00+00:00,433.95,437.83,433.18,437.03,619419,436.036219,5878
2024-02-12 05:00:00+00:00,436.7,439.13,434.67,435.39,664965,436.806443,5411
2024-02-13 05:00:00+00:00,426.98,431.26,425.35,428.49,1038211,428.173391,8353
2024-02-14 05:00:00+00:00,431.255,433.65,428.895,433.26,742785,431.385243,6912
2024-02-15 05:00:00+00:00,434.11,434.95,431.35,434.48,694952,433.515851,6309
2024-02-16 05:00:00+00:00,434.82,434.92,429.9,430.58,794374,432.321506,7732
2024-02-20 05:00:00+00:00,428.39,430.01,423.55,427.31,635129,425.810333,6721
2024-02-21 05:00:00+00:00,424.31,425.69,421.67,425.5,482490,424.042878,5865
2024-02-22 05:00:00+00:00,434.49,439.12,433.74,438.2,1028388,437.069349,8926
2024-02-23 05:00:00+00:00,439.63,440.57,435.84,436.77,587938,437.899929,6591
2024-02-26 05:00:00+00:00,437.64,438.58,436.37,436.63,419384,437.428363,4445
2024-02-27 05:00:00+00:00,437.51,437.955,435.07,437.6,691213,437.156372,6059
2024-02-28 05:00:00+00:00,435.47,436.66,434.36,435.27,525041,435.384248,5250
2024-02-29 05:00:00+00:00,438.21,440.085,435.06,439.11,903937,438.213418,7264
2024-03-01 05:00:00+00:00,439.84,446.55,439.84,445.645,644883,444.562887,6000
2024-03-04 05:00:00+00:00,445.55,446.0,443.8,444.04,470519,444.933382,5056
2024-03-05 05:00:00+00:00,440.625,440.78,433.65,435.97,886000,435.943371,7098
2024-03-06 05:00:00+00:00,440.32,441.945,436.91,438.86,538054,439.396264,5402
2024-03-07 05:00:00+00:00,442.44,446.69,440.89,445.53,641686,445.241194,5278
2024-03-08 05:00:00+00:00,445.75,448.61,438.35,439.17,868758,442.059091,7412
2024-03-11 04:00:00+00:00,437.23,438.57,435.46,437.36,516925,437.296471,6110
2024-03-12 04:00:00+00:00,439.92,444.01,436.54,443.65,499377,442.165026,4355
2024-03-13 04:00:00+00:00,442.67,442.67,439.25,440.21,543637,440.815779,5354
2024-03-14 04:00:00+00:00,441.46,441.995,436.415,439.13,559795,438.970982,4792
2024-03-15 04:00:00+00:00,436.16,436.73,432.76,433.95,619753,434.435028,6709
2024-03-18 04:00:00+00:00,438.855,441.04,437.245,437.43,558839,439.06692,5278
2024-03-19 04:00:00+00:00,435.48,438.97,433.425,438.62,495542,436.784595,5199
2024-03-20 04:00:00+00:00,439.94,444.1,438.07,443.88,448257,440.949626,5317
2024-03-21 04:00:00+00:00,448.86,449.31,445.69,445.79,512562,447.56365,5577
2024-03-22 04:00:00+00:00,445.115,447.47,444.57,446.18,329702,446.147,4326
2024-03-25 04:00:00+00:00,443.36,446.26,442.59,444.76,319374,445.022631,3647
2024-03-26 04:00:00+00:00,446.06,447.19,443.12,443.32,359593,445.359547,4449
2024-03-27 04:00:00+00:00,446.46,446.46,442.05,444.93,571876,443.564948,4642
2024-03-28 04:00:00+00:00,444.85,445.59,443.66,444.09,528840,444.659295,4686
2024-04-01 04:00:00+00:00,444.97,447.49,443.11,445.0,404872,445.035621,4913
2024-04-02 04:00:00+00:00,439.87,441.39,438.045,441.12,628047,439.743708,6683
2024-04-03 04:00:00+00:00,439.035,444.0,439.03,442.09,339958,442.243169,3611
2024-04-04 04:00:00+00:00,446.34,446.91,435.115,435.26,796229,440.633759,5761
2024-04-05 04:00:00+00:00,436.8,443.13,436.04,440.52,756373,440.5935,7002
2024-04-08 04:00:00+00:00,441.49,442.49,439.2,440.6,324310,440.810167,3215
2024-04-09 04:00:00+00:00,443.01,443.18,437.45,442.26,449094,440.641712,3945
2024-04-10 04:00:00+00:00,436.9,439.24,436.31,438.34,730063,437.791914,5743
2024-04-11 04:00:00+00:00,440.365,446.3,438.08,445.475,625795,443.504797,4608
2024-04-12 04:00:00+00:00,441.11,442.24,437.0,438.19,678947,438.952482,5515
2024-04-15 04:00:00+00:00,442.11,442.11,430.24,430.97,597241,434.754879,5619
2024-04-16 04:00:00+00:00,430.66,433.655,429.78,431.07,553677,431.511556,5138
2024-04-17 04:00:00+00:00,433.12,433.12,424.91,425.76,526267,427.80256,4504
2024-04-18 04:00:00+00:00,426.52,428.22,422.89,423.385,557550,425.051512,5243
2024-04-19 04:00:00+00:00,422.12,422.68,413.12,414.71,886562,417.124758,6794
2024-04-22 04:00:00+00:00,417.46,421.18,414.0,418.88,544801,417.985726,4163
2024-04-23 04:00:00+00:00,420.9,426.155,420.47,425.105,436693,423.740931,2772
2024-04-24 04:00:00+00:00,428.525,429.65,424.23,426.54,425851,426.758062,4010
2024-04-25 04:00:00+00:00,418.87,425.29,418.18,424.46,672225,422.054982,5077
2024-04-26 04:00:00+00:00,427.56,432.52,426.99,431.085,620701,430.6988,4181
2024-04-29 04:00:00+00:00,433.355,433.72,430.04,432.83,335776,432.236789,3342
2024-04-30 04:00:00+00:00,431.04,432.53,424.555,424.63,344265,428.631752,2749
2024-05-01 04:00:00+00:00,422.94,430.04,420.73,421.3,461551,423.959599,3692
2024-05-02 04:00:00+00:00,425.505,427.79,420.63,426.92,350318,424.859803,3559
2024-05-03 04:00:00+00:00,434.49,436.29,432.88,435.435,475092,435.0409,3705
2024-05-06 04:00:00+00:00,437.28,440.31,436.53,440.26,433790,438.494299,3548
2024-05-07 04:00:00+00:00,440.7,441.94,439.61,440.26,389173,440.826443,3219
2024-05-08 04:00:00+00:00,437.67,441.445,437.67,440.135,270441,439.899126,2209
2024-05-09 04:00:00+00:00,440.36,441.585,438.595,441.07,368944,440.679969,2696
2024-05-10 04:00:00+00:00,442.55,444.28,440.71,442.1,340349,442.069855,2473
2024-05-13 04:00:00+00:00,444.03,444.03,442.02,443.21,194780,442.898419,1854
2024-05-14 04:00:00+00:00,442.64,446.445,442.5,445.97,538083,444.746533,3178
2024-05-15 04:00:00+00:00,448.51,453.15,446.94,452.87,529815,451.462026,4144
2024-05-16 04:00:00+00:00,452.7,454.665,451.815,451.96,365122,453.041075,1961
2024-05-17 04:00:00+00:00,452.07,452.68,449.58,451.83,324525,451.565072,2465
2024-05-20 04:00:00+00:00,451.98,455.55,451.84,454.94,297861,454.363849,2799
2024-05-21 04:00:00+00:00,452.97,455.96,452.87,455.83,298797,454.705497,2934
2024-05-22 04:00:00+00:00,456.09,456.82,453.22,455.68,369100,455.308458,3003
2024-05-23 04:00:00+00:00,460.52,460.52,451.89,453.76,419196,456.368391,3461
2024-05-24 04:00:00+00:00,455.32,459.185,454.615,457.98,308712,457.732431,2283
2024-05-28 04:00:00+00:00,459.215,459.71,456.73,459.69,552880,458.395166,3108
2024-05-29 04:00:00+00:00,455.46,458.19,455.34,456.49,489260,456.823776,3312
2024-05-30 04:00:00+00:00,455.19,455.23,450.26,451.46,335756,453.144037,2425
2024-05-31 04:00:00+00:00,451.83,452.42,443.09,451.6,673729,447.51618,4820
2024-06-03 04:00:00+00:00,454.71,455.55,447.92,453.11,356668,452.206683,3848
2024-06-04 04:00:00+00:00,452.88,455.53,451.17,454.25,302322,452.847484,3362
2024-06-05 04:00:00+00:00,457.93,463.61,456.96,463.59,601990,461.961897,3739
2024-06-06 04:00:00+00:00,464.2,464.5,462.25,463.41,368197,463.43747,2868
2024-06-07 04:00:00+00:00,462.63,465.69,461.88,462.98,257912,463.509447,3210
2024-06-10 04:00:00+00:00,461.84,465.17,461.61,464.87,399382,464.026383,3097
2024-06-11 04:00:00+00:00,463.53,468.11,462.11,468.11,420565,465.364471,4093
2024-06-12 04:00:00+00:00,471.97,476.355,471.32,474.08,539059,474.314115,3203
2024-06-13 04:00:00+00:00,477.72,478.33,474.56,476.66,397617,476.890111,3509
2024-06-14 04:00:00+00:00,476.525,479.21,476.05,479.19,267261,477.993562,2619
2024-06-17 04:00:00+00:00,479.39,486.75,478.34,485.04,458308,483.443222,3582
2024-06-18 04:00:00+00:00,485.08,485.83,483.44,485.24,346499,484.858448,2741
2024-06-20 04:00:00+00:00,486.53,486.79,479.705,481.44,486141,482.99405,3226
2024-06-21 04:00:00+00:00,481.01,482.48,478.72,480.16,350203,480.627626,3818
2024-06-24 04:00:00+00:00,478.18,479.8,473.84,474.03,348439,476.078911,2641
2024-06-25 04:00:00+00:00,476.07,479.665,475.32,479.43,329810,478.435802,2714
2024-06-26 04:00:00+00:00,478.45,480.9,478.31,480.41,254912,479.679837,2016
2024-06-27 04:00:00+00:00,480.14,483.04,479.33,481.58,515001,481.079484,3817
2024-06-28 04:00:00+00:00,482.35,487.16,478.61,479.06,343220,481.455381,2970
2024-07-01 04:00:00+00:00,479.86,482.46,476.29,481.96,251650,480.24989,2809
2024-07-02 04:00:00+00:00,480.51,487.03,480.36,487.01,336259,485.283224,2476
2024-07-03 04:00:00+00:00,486.25,491.14,486.25,490.99,241862,489.640877,2462
2024-07-05 04:00:00+00:00,492.04,496.595,491.65,496.23,405829,495.534804,4105
2024-07-08 04:00:00+00:00,496.43,497.85,495.64,497.22,306190,496.693473,2296
2024-07-09 04:00:00+00:00,498.97,499.99,496.275,497.82,282897,497.861922,2126
2024-07-10 04:00:00+00:00,499.85,503.47,498.41,503.03,488305,501.272411,3165
2024-07-11 04:00:00+00:00,503.06,503.15,490.775,491.905,646420,494.735179,5690
2024-07-12 04:00:00+00:00,492.345,499.585,492.08,494.84,498123,496.482365,3271
2024-07-15 04:00:00+00:00,496.69,500.91,494.12,496.2,240731,496.967288,2494
2024-07-16 04:00:00+00:00,497.66,498.36,493.2,496.38,302987,495.586011,3236
2024-07-17 04:00:00+00:00,488.11,488.77,481.715,481.825,722150,484.444581,4976
2024-07-18 04:00:00+00:00,485.5,485.7,476.305,479.44,588848,480.50136,4197
2024-07-19 04:00:00+00:00,479.06,481.68,474.19,475.31,529442,476.973224,4085
2024-07-22 04:00:00+00:00,481.14,483.31,477.865,482.2,372713,481.618563,4612
2024-07-23 04:00:00+00:00,481.46,484.41,480.17,480.78,238473,481.847963,2713
2024-07-24 04:00:00+00:00,473.775,474.02,462.58,463.35,572994,465.976538,4566
2024-07-25 04:00:00+00:00,463.72,467.82,455.64,458.22,605098,461.510051,5872
2024-07-26 04:00:00+00:00,462.45,465.91,459.825,463.07,253195,462.346968,2681
2024-07-29 04:00:00+00:00,465.66,467.89,462.05,463.91,219023,465.383364,2442
2024-07-30 04:00:00+00:00,465.71,466.41,454.2,457.46,305703,458.604482,3918
2024-07-31 04:00:00+00:00,467.97,472.72,466.425,471.01,468430,469.852056,4975
2024-08-01 04:00:00+00:00,471.76,475.55,456.03,459.56,595685,462.715739,6744
2024-08-02 04:00:00+00:00,450.9,453.44,444.52,448.66,636241,447.751073,6734
2024-08-05 04:00:00+00:00,424.6,442.21,423.5,435.805,781499,435.199214,7888
2024-08-06 04:00:00+00:00,437.64,447.01,434.86,439.53,504204,441.785133,6349
2024-08-07 04:00:00+00:00,446.715,448.99,434.43,434.94,459278,441.861506,5205
2024-08-08 04:00:00+00:00,441.02,448.89,437.39,448.0,392703,445.781941,3267
2024-08-09 04:00:00+00:00,446.73,452.03,445.67,450.5,377238,448.953371,4314
2024-08-12 04:00:00+00:00,451.38,454.19,448.61,451.4,207563,451.446878,2623
2024-08-13 04:00:00+00:00,456.14,462.83,455.91,462.58,472272,460.511498,4557
2024-08-14 04:00:00+00:00,463.59,464.995,458.49,462.82,418622,462.126285,4588
2024-08-15 04:00:00+00:00,469.43,474.8,468.46,474.4,525489,472.981991,5253
2024-08-16 04:00:00+00:00,472.68,476.29,471.92,475.06,274804,474.127283,4201
2024-08-19 04:00:00+00:00,475.12,481.3,473.47,481.19,244460,477.50613,3211
2024-08-20 04:00:00+00:00,480.39,482.91,478.56,480.18,339512,480.750766,4082
2024-08-21 04:00:00+00:00,480.835,484.36,479.39,482.55,236860,481.956816,2647
2024-08-22 04:00:00+00:00,484.72,485.5,473.87,474.92,596984,476.753424,4824
2024-08-23 04:00:00+00:00,479.33,482.69,475.32,480.16,464277,479.468552,4856
2024-08-26 04:00:00+00:00,479.52,480.34,473.25,475.36,685116,475.436049,7840
2024-08-27 04:00:00+00:00,473.68,477.82,471.76,476.88,365586,475.969689,5505
2024-08-28 04:00:00+00:00,476.46,476.985,467.93,471.24,453425,471.565688,5606
2024-08-29 04:00:00+00:00,473.2,477.88,469.49,470.79,508150,473.779335,6172
2024-08-30 04:00:00+00:00,474.91,476.87,470.58,476.43,423686,474.712098,4376
2024-09-03 04:00:00+00:00,473.21,473.25,459.48,461.85,645566,465.492232,7073
2024-09-04 04:00:00+00:00,458.55,464.415,457.77,460.6,470592,461.417733,6218
2024-09-05 04:00:00+00:00,459.03,465.16,458.16,461.13,336157,461.000919,4357
2024-09-06 04:00:00+00:00,460.44,461.14,448.2,448.86,674359,451.122672,7842
2024-09-09 04:00:00+00:00,452.89,455.41,449.96,454.51,323244,453.169706,4206
2024-09-10 04:00:00+00:00,456.32,459.15,452.29,458.83,339882,456.722485,5295
2024-09-11 04:00:00+00:00,459.65,469.36,451.39,468.37,521668,462.120598,5702
2024-09-12 04:00:00+00:00,468.7,474.0,466.92,473.18,570501,471.556607,6401
2024-09-13 04:00:00+00:00,472.68,476.46,472.44,475.25,235659,474.78658,3391
2024-09-16 04:00:00+00:00,473.17,473.79,469.98,473.095,233720,472.025568,3609
2024-09-17 04:00:00+00:00,476.305,477.44,471.02,473.5,308495,473.979841,4169
2024-09-18 04:00:00+00:00,474.62,478.71,470.86,471.44,375646,474.004067,4984
2024-09-19 04:00:00+00:00,482.7,486.22,480.6,483.32,761519,483.812519,7516
2024-09-20 04:00:00+00:00,482.64,483.67,478.365,482.31,394891,481.555653,5559
2024-09-23 04:00:00+00:00,482.91,484.11,481.66,482.975,223947,482.957477,3013
2024-09-24 04:00:00+00:00,484.51,486.3,480.18,485.48,310593,484.167223,3905
2024-09-25 04:00:00+00:00,484.89,487.75,484.58,486.05,394103,486.014406,4554
2024-09-26 04:00:00+00:00,493.6,493.65,485.83,489.36,511083,489.245835,5566
2024-09-27 04:00:00+00:00,490.58,490.58,485.61,486.74,397377,487.817312,4141
2024-09-30 04:00:00+00:00,485.77,488.41,483.01,487.94,478214,486.662855,3937
2024-10-01 04:00:00+00:00,487.72,487.9,477.41,481.21,660250,480.800591,6956
2024-10-02 04:00:00+00:00,480.09,483.84,477.78,481.96,226512,481.73062,3019
2024-10-03 04:00:00+00:00,479.78,484.51,479.02,481.57,287230,481.307316,3365
2024-10-04 04:00:00+00:00,487.51,487.88,482.49,487.37,439186,485.739578,4721
2024-10-07 04:00:00+00:00,485.41,486.54,480.915,482.06,308498,483.729119,3657
2024-10-08 04:00:00+00:00,484.64,489.96,483.88,489.205,408420,487.917001,3456
2024-10-09 04:00:00+00:00,489.04,493.71,488.015,493.2,421834,491.586033,3943
2024-10-10 04:00:00+00:00,490.89,494.39,489.58,492.62,220198,492.393418,2497
2024-10-11 04:00:00+00:00,490.58,494.38,490.2,493.31,285339,493.297509,2923
2024-10-14 04:00:00+00:00,495.75,498.81,495.35,497.5,350005,497.26309,3250
2024-10-15 04:00:00+00:00,497.83,498.41,488.71,490.83,530358,491.920328,5321
2024-10-16 04:00:00+00:00,491.18,491.62,487.7,490.9,253117,490.144971,2753
2024-10-17 04:00:00+00:00,496.39,496.39,491.31,491.37,324263,493.095653,4288
2024-10-18 04:00:00+00:00,494.03,495.54,493.36,494.51,316710,494.553395,3408
2024-10-21 04:00:00+00:00,493.48,496.19,491.46,495.44,364941,494.252222,3528
2024-10-22 04:00:00+00:00,492.73,497.425,491.99,495.96,279753,495.499316,3220
2024-10-23 04:00:00+00:00,493.57,494.205,485.09,488.46,475303,488.939839,5348
2024-10-24 04:00:00+00:00,492.16,492.97,489.505,492.3,293899,491.703972,3560
2024-10-25 04:00:00+00:00,495.18,500.27,494.51,495.25,485755,497.292826,5636
2024-10-28 04:00:00+00:00,498.465,498.465,495.125,495.4,292400,496.198343,3063
2024-10-29 04:00:00+00:00,495.68,501.315,493.87,500.23,406649,498.835231,4292
2024-10-30 04:00:00+00:00,499.32,500.25,495.92,496.51,417833,498.116052,4265
2024-10-31 04:00:00+00:00,492.21,492.21,483.805,483.85,430032,485.952504,4133
2024-11-01 04:00:00+00:00,485.46,490.72,485.46,487.41,444233,488.27618,3612
2024-11-04 05:00:00+00:00,486.84,489.32,484.31,486.02,342665,486.659352,4351
2024-11-05 05:00:00+00:00,487.61,492.85,487.57,492.19,274438,491.35041,3635
2024-11-06 05:00:00+00:00,500.765,506.4,499.64,505.6,565333,503.867051,6108
2024-11-07 05:00:00+00:00,508.4,514.27,508.4,513.55,395191,512.04808,3678
2024-11-08 05:00:00+00:00,513.1,514.9,512.42,514.17,345774,513.755962,4534
2024-11-11 05:00:00+00:00,515.36,515.53,511.0,513.91,304716,513.145,3526
2024-11-12 05:00:00+00:00,513.75,514.66,509.89,512.88,377995,512.811459,3643
2024-11-13 05:00:00+00:00,512.33,514.91,509.95,512.27,412586,512.674223,3823
2024-11-14 05:00:00+00:00,512.27,512.66,507.81,508.76,308586,510.050788,3275
2024-11-15 05:00:00+00:00,502.9,503.33,494.53,496.45,660729,497.456203,7534
2024-11-18 05:00:00+00:00,498.15,502.085,496.82,499.96,371654,499.897953,4488
2024-11-19 05:00:00+00:00,497.39,503.93,497.21,503.42,406599,501.704282,4032
2024-11-20 05:00:00+00:00,503.16,503.46,496.57,503.08,346539,500.349717,4486
2024-11-21 05:00:00+00:00,506.2,506.91,497.68,504.98,414521,502.714181,5004
2024-11-22 05:00:00+00:00,504.43,506.52,502.8,505.79,262097,505.17653,4281
2024-11-25 05:00:00+00:00,509.87,511.32,504.34,506.59,297786,507.273138,3941
2024-11-26 05:00:00+00:00,508.4,510.12,507.24,509.33,289242,508.572447,2589
2024-11-27 05:00:00+00:00,508.13,508.13,502.15,505.27,317474,504.650349,3541
2024-11-29 05:00:00+00:00,505.98,510.21,505.36,509.74,175081,508.677339,1952
2024-12-02 05:00:00+00:00,511.03,516.235,510.71,515.29,333408,514.876117,4684
2024-12-03 05:00:00+00:00,514.08,517.14,513.5,516.95,248775,515.630763,3389
2024-12-04 05:00:00+00:00,520.3,523.51,519.6,523.24,398393,521.992228,4391
2024-12-05 05:00:00+00:00,523.33,523.98,521.49,521.89,261114,522.522664,2552
2024-12-06 05:00:00+00:00,522.54,526.71,522.535,526.51,362449,525.885928,4420
2024-12-09 05:00:00+00:00,525.52,526.31,521.23,522.39,396740,523.115174,4825
2024-12-10 05:00:00+00:00,523.53,525.27,519.24,520.55,373370,522.061765,4801
2024-12-11 05:00:00+00:00,524.93,530.57,524.6,529.95,471846,529.11198,5148
2024-12-12 05:00:00+00:00,527.73,528.86,526.11,526.69,269611,527.575016,3575
2024-12-13 05:00:00+00:00,530.42,533.06,527.31,530.44,325816,530.026422,4277
2024-12-16 05:00:00+00:00,533.02,539.13,533.0,538.19,299183,536.954713,4222
2024-12-17 05:00:00+00:00,536.4,537.42,534.15,535.81,452023,535.609997,5348
2024-12-18 05:00:00+00:00,535.07,536.87,515.05,516.6,684833,524.515319,7345
2024-12-19 05:00:00+00:00,521.17,521.63,513.85,514.18,636051,517.316017,6369
2024-12-20 05:00:00+00:00,510.36,524.815,509.43,518.62,567163,519.256455,6603
2024-12-23 05:00:00+00:00,519.61,520.73,516.27,517.84,65492,519.389416,1215
2024-12-24 05:00:00+00:00,524.82,530.01,524.29,530.01,400296,528.159095,4288
2024-12-26 05:00:00+00:00,528.34,531.0,526.49,529.6,235490,529.640623,2622
2024-12-27 05:00:00+00:00,526.07,526.32,517.905,522.55,489143,521.322974,4659
2024-12-30 05:00:00+00:00,515.46,519.3,511.92,515.57,395727,515.864776,4814
2024-12-31 05:00:00+00:00,516.95,517.66,510.26,511.23,355308,512.439471,4261
2025-01-02 05:00:00+00:00,514.23,516.59,505.71,510.33,442507,511.04954,5394
2025-01-03 05:00:00+00:00,513.295,519.645,512.62,518.54,486069,517.768775,4248
2025-01-06 05:00:00+00:00,524.185,527.9,522.05,524.55,427197,525.072351,4373
2025-01-07 05:00:00+00:00,525.895,525.98,513.31,515.25,440385,517.814338,4748
2025-01-08 05:00:00+00:00,515.08,516.85,510.57,515.19,292333,514.654837,3965
2025-01-10 05:00:00+00:00,511.51,511.525,504.0,507.18,388651,507.51345,5260
2025-01-13 05:00:00+00:00,501.21,505.99,499.71,505.52,367039,502.830386,5108
2025-01-14 05:00:00+00:00,508.93,510.15,501.64,505.13,435149,505.281128,5944
2025-01-15 05:00:00+00:00,513.04,517.825,511.84,516.56,528310,515.977318,6040
2025-01-16 05:00:00+00:00,519.0,519.0,513.01,513.1,339679,515.963086,6036
2025-01-17 05:00:00+00:00,522.87,523.41,518.92,521.77,551873,521.554743,6173
2025-01-21 05:00:00+00:00,524.58,525.95,520.205,524.68,333235,523.838147,4825
2025-01-22 05:00:00+00:00,529.59,533.8,529.38,531.515,589761,532.10674,6004
2025-01-23 05:00:00+00:00,528.94,532.64,528.51,532.595,349780,530.568885,6298
2025-01-24 05:00:00+00:00,532.92,533.7,528.175,529.62,411019,530.232201,5110
2025-01-27 05:00:00+00:00,510.915,517.87,510.18,514.05,748550,513.741637,9303
2025-01-28 05:00:00+00:00,515.29,522.99,511.8,521.81,504968,519.802027,6251
2025-01-29 05:00:00+00:00,522.49,522.49,517.04,520.625,271136,519.862108,3286
2025-01-30 05:00:00+00:00,523.775,526.025,518.385,523.06,358422,522.421365,4514
2025-01-31 05:00:00+00:00,526.82,531.5,521.21,522.3,534714,526.181763,7165
2025-02-03 05:00:00+00:00,513.29,520.775,511.1,517.97,462009,517.259001,6390
2025-02-04 05:00:00+00:00,518.63,525.05,518.29,524.46,361085,523.625184,5723
2025-02-05 05:00:00+00:00,521.805,527.01,520.67,526.83,237631,524.534432,4042
2025-02-06 05:00:00+00:00,527.4,529.78,525.87,529.54,241619,528.047205,4068
2025-02-07 05:00:00+00:00,530.18,532.0,522.36,522.975,258317,525.321527,3575
2025-02-10 05:00:00+00:00,527.28,530.325,526.78,529.22,296002,529.121181,4167
2025-02-11 05:00:00+00:00,526.005,529.835,525.97,527.9,274409,528.161889,4419
2025-02-12 05:00:00+00:00,522.33,529.185,522.01,528.29,246200,526.986706,4240
2025-02-13 05:00:00+00:00,529.98,536.2,529.22,535.88,395551,533.846786,5678
2025-02-14 05:00:00+00:00,536.16,538.79,535.73,538.04,274285,537.468363,4101
2025-02-18 05:00:00+00:00,539.8,539.96,536.12,539.29,328290,538.001016,4502
2025-02-19 05:00:00+00:00,538.52,540.76,536.54,539.59,364030,539.161706,4704
2025-02-20 05:00:00+00:00,538.67,538.99,532.58,537.14,436214,535.777308,5058
2025-02-21 05:00:00+00:00,538.365,538.365,525.73,526.125,731745,529.608609,7327
2025-02-24 05:00:00+00:00,527.5,528.88,519.555,519.82,574971,522.626477,5943
2025-02-25 05:00:00+00:00,519.14,519.29,509.61,513.34,652088,513.503637,9751
2025-02-26 05:00:00+00:00,515.52,519.655,511.37,514.49,451988,515.478406,5832
2025-02-27 05:00:00+00:00,518.19,519.02,500.07,500.33,850220,508.057871,10050
2025-02-28 05:00:00+00:00,499.86,508.77,496.95,508.08,740731,503.700902,9158
2025-03-03 05:00:00+00:00,511.325,512.91,493.59,497.35,772811,502.07175,11151
2025-03-04 05:00:00+00:00,494.18,503.73,487.76,495.49,919568,495.345139,11213
2025-03-05 05:00:00+00:00,495.86,503.59,491.41,502.06,574384,498.536311,7385
2025-03-06 05:00:00+00:00,493.28,498.5,486.3,488.35,825768,490.64359,9560
2025-03-07 05:00:00+00:00,487.165,493.145,480.57,491.74,675541,488.345724,9390
2025-03-10 04:00:00+00:00,483.42,483.94,468.76,473.295,1178241,475.257725,11708
2025-03-11 04:00:00+00:00,472.33,478.78,467.09,471.68,1022894,473.262724,12835
2025-03-12 04:00:00+00:00,479.15,480.9,471.95,477.1,626616,477.15948,8379
2025-03-13 04:00:00+00:00,475.62,476.07,466.445,468.365,504801,470.112948,6231
2025-03-14 04:00:00+00:00,473.73,480.55,473.31,479.67,537810,478.219283,5701
2025-03-17 04:00:00+00:00,479.38,485.79,477.97,482.71,479593,482.733022,4976
2025-03-18 04:00:00+00:00,479.205,479.23,472.41,474.585,529402,474.855386,6381
2025-03-19 04:00:00+00:00,476.8,485.33,474.96,480.83,511635,480.03489,5689
2025-03-20 04:00:00+00:00,476.88,484.51,476.28,479.31,495035,480.200041,6856
2025-03-21 04:00:00+00:00,474.05,481.595,472.95,481.18,445099,477.364669,5250
2025-03-24 04:00:00+00:00,487.55,491.415,487.17,490.49,638507,490.110598,6012
2025-03-25 04:00:00+00:00,491.4,493.54,490.47,493.53,344270,492.47358,4845
2025-03-26 04:00:00+00:00,492.39,493.11,482.85,484.54,585929,487.260888,7050
2025-03-27 04:00:00+00:00,482.14,486.525,480.29,481.51,434421,483.452161,4973
2025-03-28 04:00:00+00:00,479.81,480.43,468.06,468.96,692567,471.444777,7018
2025-03-31 04:00:00+00:00,461.95,469.85,457.355,468.92,831644,464.321984,8968
2025-04-01 04:00:00+00:00,467.29,473.53,464.43,472.62,536411,469.836656,6565
2025-04-02 04:00:00+00:00,466.3,479.5,465.91,476.12,666636,474.038583,6978
2025-04-03 04:00:00+00:00,456.41,460.015,450.16,450.7,1130282,454.238414,10875
2025-04-04 04:00:00+00:00,438.23,440.19,423.16,423.48,1463192,430.205201,13044
2025-04-07 04:00:00+00:00,408.07,443.13,402.51,423.79,1685094,423.093665,14408
2025-04-08 04:00:00+00:00,438.205,442.93,409.815,416.36,1363796,426.11968,10747
2025-04-09 04:00:00+00:00,415.67,467.79,415.54,464.74,1660096,442.924866,14261
2025-04-10 04:00:00+00:00,453.67,455.465,432.72,446.23,1647639,445.405874,11788
2025-04-11 04:00:00+00:00,445.51,455.61,441.57,454.27,542027,451.115112,7241
2025-04-14 04:00:00+00:00,464.59,464.77,452.75,457.27,493143,458.995151,5499
2025-04-15 04:00:00+00:00,458.25,462.35,456.34,458.12,274047,459.131892,4065
2025-04-16 04:00:00+00:00,448.905,452.51,437.76,444.32,920470,444.302056,9305
2025-04-17 04:00:00+00:00,447.18,447.73,441.36,444.03,689943,444.689159,7658
2025-04-21 04:00:00+00:00,438.36,439.055,427.98,433.16,602291,431.899054,6515
2025-04-22 04:00:00+00:00,438.95,447.44,437.76,444.35,966031,443.096682,9164
2025-04-23 04:00:00+00:00,458.3,463.2,452.94,454.23,575712,458.63329,5685
2025-04-24 04:00:00+00:00,456.48,467.63,455.94,467.24,680626,464.117902,6901
2025-04-25 04:00:00+00:00,467.13,473.02,465.45,472.485,675070,470.096424,7101
2025-04-28 04:00:00+00:00,473.04,474.78,466.19,472.48,568616,470.813202,6192
2025-04-29 04:00:00+00:00,470.165,476.39,469.635,475.38,404084,474.114932,5133
2025-04-30 04:00:00+00:00,466.88,477.06,462.47,475.23,438811,470.396651,4442
2025-05-01 04:00:00+00:00,483.57,487.11,480.75,481.16,481172,483.392412,5658
2025-05-02 04:00:00+00:00,486.62,490.905,484.86,488.865,542771,488.645672,5895
2025-05-05 04:00:00+00:00,484.665,488.91,484.1,485.95,344706,486.542518,4384
2025-05-06 04:00:00+00:00,479.545,484.8,478.25,481.34,389061,481.908392,4135
2025-05-07 04:00:00+00:00,482.095,485.66,476.95,483.29,469391,481.400302,6850
2025-05-08 04:00:00+00:00,488.48,492.7,484.28,488.16,688008,489.84626,7592
2025-05-09 04:00:00+00:00,490.29,491.52,486.255,488.01,401353,488.436217,5726
2025-05-12 04:00:00+00:00,507.04,507.88,501.56,507.8,621687,505.341554,8326
2025-05-13 04:00:00+00:00,509.19,517.37,508.54,515.53,644020,514.861029,8960
2025-05-14 04:00:00+00:00,517.01,519.21,515.8,518.68,725237,517.66389,12013
2025-05-15 04:00:00+00:00,516.48,521.87,515.17,519.18,581835,518.577044,9065
2025-05-16 04:00:00+00:00,520.68,521.64,517.15,521.53,459298,520.136861,5966
2025-05-19 04:00:00+00:00,514.36,522.51,514.36,522.0,563955,519.888019,6272
2025-05-20 04:00:00+00:00,519.47,520.9,516.84,520.28,594391,519.22679,8284
2025-05-21 04:00:00+00:00,516.27,522.99,511.24,513.04,1107052,517.078987,12964
2025-05-22 04:00:00+00:00,513.665,517.71,512.325,514.07,626152,515.42779,8476
2025-05-23 04:00:00+00:00,506.22,511.83,505.61,509.3,931881,509.05891,10290
2025-05-27 04:00:00+00:00,516.28,521.71,514.63,521.21,762530,519.639736,8398
2025-05-28 04:00:00+00:00,522.21,523.64,518.41,519.15,546286,521.075112,6754
2025-05-29 04:00:00+00:00,526.36,526.48,517.38,520.1,856110,520.675788,10066
2025-05-30 04:00:00+00:00,519.52,520.67,512.0,519.21,826411,517.337737,9605
